Date		Status	Sno	Code	NormalTextureId	Icons		ItemsSnos	ItemsCodes
2017.03.13 05:24:04.716		OK	383014	ItemPassive_Unique_Gem_001_x1	0	3094908550		3248511367	Unique_Gem_001_x1
2017.03.13 05:24:04.751		OK	451157	ItemPassive_Unique_Gem_001U_x1	0			3248511367	Unique_Gem_001_x1
2017.03.13 05:24:04.899		OK	428348	ItemPassive_Unique_Gem_018_x1	0	4282390		3249948847	Unique_Gem_018_x1
2017.03.13 05:24:04.904		OK	428349	ItemPassive_Unique_Gem_018U_x1	0			3249948847	Unique_Gem_018_x1
2017.03.13 05:24:04.919		OK	403456	ItemPassive_Unique_Gem_002_x1	0			3248547304	Unique_Gem_002_x1
2017.03.13 05:24:04.922		OK	403457	ItemPassive_Unique_Gem_002U_x1	0			3248547304	Unique_Gem_002_x1
2017.03.13 05:24:04.937		OK	403470	ItemPassive_Unique_Gem_014_x1	0			3249805099	Unique_Gem_014_x1
2017.03.13 05:24:04.940		OK	403784	ItemPassive_Unique_Gem_014U_x1	0			3249805099	Unique_Gem_014_x1
2017.03.13 05:24:04.954		OK	428352	ItemPassive_Unique_Gem_020_x1	0	3094908587		3250847272	Unique_Gem_020_x1
2017.03.13 05:24:04.961		OK	428353	ItemPassive_Unique_Gem_020U_x1	0			3250847272	Unique_Gem_020_x1
2017.03.13 05:24:04.976		OK	403466	ItemPassive_Unique_Gem_010_x1	0			3249661351	Unique_Gem_010_x1
2017.03.13 05:24:04.979		OK	403472	ItemPassive_Unique_Gem_010U_x1	0			3249661351	Unique_Gem_010_x1
2017.03.13 05:24:04.993		OK	428029	ItemPassive_Unique_Gem_016_x1	0	3094908587		3249876973	Unique_Gem_016_x1
2017.03.13 05:24:04.995		OK	428030	ItemPassive_Unique_Gem_016U_x1	0	4282390		3249876973	Unique_Gem_016_x1
2017.03.13 05:24:05.010		OK	403459	ItemPassive_Unique_Gem_003_x1	0			3248583241	Unique_Gem_003_x1
2017.03.13 05:24:05.014		OK	428691	ItemPassive_Unique_Gem_003U_x1	0			3248583241	Unique_Gem_003_x1
2017.03.13 05:24:05.028		OK	403461	ItemPassive_Unique_Gem_005_x1	0	3094908554		3248655115	Unique_Gem_005_x1
2017.03.13 05:24:05.031		OK	403556	ItemPassive_Unique_Gem_005U_x1	0			3248655115	Unique_Gem_005_x1
2017.03.13 05:24:05.045		OK	403464	ItemPassive_Unique_Gem_008_x1	0	3094908557		3248762926	Unique_Gem_008_x1
2017.03.13 05:24:05.048		OK	403524	ItemPassive_Unique_Gem_008U_x1	0			3248762926	Unique_Gem_008_x1
2017.03.13 05:24:05.063		OK	428354	ItemPassive_Unique_Gem_021_x1	0	3094908587		3250883209	Unique_Gem_021_x1
2017.03.13 05:24:05.067		OK	428356	ItemPassive_Unique_Gem_021U_x1	0			3250883209	Unique_Gem_021_x1
2017.03.13 05:24:05.082		OK	403465	ItemPassive_Unique_Gem_009_x1	0	1394610510		3248798863	Unique_Gem_009_x1
2017.03.13 05:24:05.085		OK	403624	ItemPassive_Unique_Gem_009U_x1	0			3248798863	Unique_Gem_009_x1
2017.03.13 05:24:05.101		OK	403463	ItemPassive_Unique_Gem_007_x1	0			3248726989	Unique_Gem_007_x1
2017.03.13 05:24:05.105		OK	403620	ItemPassive_Unique_Gem_007U_x1	0			3248726989	Unique_Gem_007_x1
2017.03.13 05:24:05.119		OK	428031	ItemPassive_Unique_Gem_017_x1	0	3094908587		3249912910	Unique_Gem_017_x1
2017.03.13 05:24:05.124		OK	428032	ItemPassive_Unique_Gem_017U_x1	0			3249912910	Unique_Gem_017_x1
2017.03.13 05:24:05.139		OK	403467	ItemPassive_Unique_Gem_011_x1	0			3249697288	Unique_Gem_011_x1
2017.03.13 05:24:05.145		OK	403687	ItemPassive_Unique_Gem_011U_x1	0			3249697288	Unique_Gem_011_x1
2017.03.13 05:24:05.161		OK	428350	ItemPassive_Unique_Gem_019_x1	0			3249984784	Unique_Gem_019_x1
2017.03.13 05:24:05.165		OK	428351	ItemPassive_Unique_Gem_019U_x1	0			3249984784	Unique_Gem_019_x1
2017.03.13 05:24:05.180		OK	403462	ItemPassive_Unique_Gem_006_x1	0			3248691052	Unique_Gem_006_x1
2017.03.13 05:24:05.184		OK	403600	ItemPassive_Unique_Gem_006U_x1	0			3248691052	Unique_Gem_006_x1
2017.03.13 05:24:05.199		OK	454736	ItemPassive_Unique_Gem_022_x1	0			3250919146	Unique_Gem_022_x1
2017.03.13 05:24:05.203		OK	454737	ItemPassive_Unique_Gem_022U_x1	0	3254056115		3250919146	Unique_Gem_022_x1
2017.03.13 05:24:05.219		OK	403469	ItemPassive_Unique_Gem_013_x1	0			3249769162	Unique_Gem_013_x1
2017.03.13 05:24:05.223		OK	403473	ItemPassive_Unique_Gem_013U_x1	0			3249769162	Unique_Gem_013_x1
2017.03.13 05:24:05.237		OK	403471	ItemPassive_Unique_Gem_015_x1	0	3094908587		3249841036	Unique_Gem_015_x1
2017.03.13 05:24:05.241		OK	403785	ItemPassive_Unique_Gem_015U_x1	0			3249841036	Unique_Gem_015_x1
2017.03.13 05:24:05.254		OK	403460	ItemPassive_Unique_Gem_004_x1	0	4282390		3248619178	Unique_Gem_004_x1
2017.03.13 05:24:05.258		OK	403560	ItemPassive_Unique_Gem_004U_x1	0			3248619178	Unique_Gem_004_x1
2017.03.13 05:24:05.273		OK	403468	ItemPassive_Unique_Gem_012_x1	0			3249733225	Unique_Gem_012_x1
2017.03.13 05:24:05.278		OK	403727	ItemPassive_Unique_Gem_012U_x1	0			3249733225	Unique_Gem_012_x1
2017.03.13 05:24:05.293		OK	397788	ItemPassive_Unique_Ring_759_x1	0			2879819803	P1_Wand_norm_unique_01
2017.03.13 05:24:05.298		OK	318868	ItemPassive_Unique_Ring_672_x1	0			3124204483	Unique_Staff_101_x1
2017.03.13 05:24:05.312		OK	445943	P4_ItemPassive_Unique_Ring_019	0			1692870602|1510926978	P4_Unique_Flail_2H_001|P4_Unique_Ring_019
2017.03.13 05:24:05.317		OK	446063	P4_ItemPassive_Unique_Ring_021	0			1777573174|1510927003	P4_flail2H_norm_unique_01|P4_Unique_Ring_021
2017.03.13 05:24:05.332		OK	446008	P4_ItemPassive_Unique_Ring_020	0			3500939867|1510927002	P4_Unique_Bracer_103|P4_Unique_Ring_020
2017.03.13 05:24:05.336		OK	318378	ItemPassive_Unique_Ring_516_x1	0			1566332280	Unique_Amulet_102_x1
2017.03.13 05:24:05.352		OK	318770	ItemPassive_Unique_Ring_588_x1	0			962282719	Unique_Bracer_102_x1
2017.03.13 05:24:05.356		OK	318720	ItemPassive_Unique_Ring_549_x1	0			1784443031	Unique_CeremonialDagger_001_x1
2017.03.13 05:24:05.370		OK	449064	P4_ItemPassive_Unique_Ring_075	0	3322046564		1160204002|1510927172	P4_Unique_Chest_012|P4_Unique_Ring_075
2017.03.13 05:24:05.375		OK	318777	ItemPassive_Unique_Ring_595_x1	0			414491869	Unique_WizardHat_101_x1
2017.03.13 05:24:05.390		OK	359598	ItemPassive_Unique_Ring_745_x1	0			417069417	P2_Unique_Ring_03
2017.03.13 05:24:05.394		OK	318892	ItemPassive_Unique_Ring_696_x1	0			1354723559	Unique_Chest_102_x1
2017.03.13 05:24:05.407		OK	441349	P3_ItemPassive_Unique_Ring_037	0			3603289955|3342141633	P3_Unique_Spear_001|P3_Unique_Ring_037
2017.03.13 05:24:05.411		OK	318757	ItemPassive_Unique_Ring_575_x1	0			59108159	Unique_Mace_2H_003_x1
2017.03.13 05:24:05.426		OK	449043	P4_ItemPassive_Unique_Ring_070	0			3500938779|1510927167	P4_Unique_Bracer_004|P4_Unique_Ring_070
2017.03.13 05:24:05.430		OK	451163	P41_ItemPassive_Unique_Ring_005	0			941141319|870187278	P41_Unique_Belt_007|P41_Unique_Ring_005
2017.03.13 05:24:05.444		OK	449021	P4_ItemPassive_Unique_Ring_067	0			2201843852|1510927141	P4_Unique_CombatStaff_2H_001|P4_Unique_Ring_067
2017.03.13 05:24:05.448		OK	359545	ItemPassive_Unique_Ring_704_x1	0			163153041	Unique_Flail_2H_102_x1
2017.03.13 05:24:05.461		OK	364345	ItemPassive_Unique_Ring_001_x1	0	2198492913		3106022718	Unique_Ring_001_x1
2017.03.13 05:24:05.465		OK	447060	P4_ItemPassive_Unique_Ring_049	0	3995670063		826688813|1510927077	P4_Unique_Ring_05|P4_Unique_Ring_049
2017.03.13 05:24:05.481		OK	318434	ItemPassive_Unique_Ring_541_x1	0			3145337796	Unique_Ring_106_x1
2017.03.13 05:24:05.485		OK	397792	ItemPassive_Unique_Ring_761_x1	0			441869908	Unique_Mighty_2H_004_p1
2017.03.13 05:24:05.499		OK	318420	ItemPassive_Unique_Ring_531_x1	0	989292478		221773756	Unique_Cloak_005_x1
2017.03.13 05:24:05.504		OK	423235	P2_ItemPassive_Unique_Ring_011	0			949342869|878388856	P2_Unique_Belt_008|P2_Unique_Ring_011
2017.03.13 05:24:05.518		OK	430671	P2_ItemPassive_Unique_Ring_035	0			1069972159|878388926	P2_Unique_Belt_02|P2_Unique_Ring_035
2017.03.13 05:24:05.522		OK	440598	P3_ItemPassive_Unique_Ring_027	0			1274781857|3342141600	P3_Unique_Belt_03|P3_Unique_Ring_027
2017.03.13 05:24:05.536		OK	449222	P4_ItemPassive_Unique_Ring_077	0			3500939872|1510927174	P4_Unique_Bracer_108|P4_Unique_Ring_077
2017.03.13 05:24:05.541		OK	318882	ItemPassive_Unique_Ring_686_x1	0			260765401	Unique_Cloak_101_x1
2017.03.13 05:24:05.554		OK	359540	ItemPassive_Unique_Ring_703_x1	0			3265612284	Unique_Sword_2H_007_x1
2017.03.13 05:24:05.559		OK	444969	P4_ItemPassive_Unique_Ring_004	0			1677910869|1510926940	P4_Unique_Mighty_2H_101|P4_Unique_Ring_004
2017.03.13 05:24:05.574		OK	447375	P4_ItemPassive_Unique_Ring_056	0			1638774391|1510927107	P4_Unique_Mighty_1H_005|P4_Unique_Ring_056
2017.03.13 05:24:05.580		OK	430681	P2_ItemPassive_Unique_Ring_045	0			1069972162|878388959	P2_Unique_Belt_05|P2_Unique_Ring_045
2017.03.13 05:24:05.595		OK	402456	ItemPassive_Unique_Ring_917_x1	0			3304603929	Unique_Sword_2H_103_x1
2017.03.13 05:24:05.600		OK	318382	ItemPassive_Unique_Ring_520_x1	0			2346057823	Unique_Polearm_101_x1
2017.03.13 05:24:05.620		OK	446162	P4_ItemPassive_Unique_Ring_025	0			3500939868|1510927007	P4_Unique_Bracer_104|P4_Unique_Ring_025
2017.03.13 05:24:05.625		OK	441305	P3_ItemPassive_Unique_Ring_035	0			533836827|3342141631	P3_Unique_Bracer_104|P3_Unique_Ring_035
2017.03.13 05:24:05.641		OK	441279	P3_ItemPassive_Unique_Ring_032	0			533836828|3342141628	P3_Unique_Bracer_105|P3_Unique_Ring_032
2017.03.13 05:24:05.645		OK	423231	P2_ItemPassive_Unique_Ring_008	0			3248628813|878388830	P2_Unique_Helm_001|P2_Unique_Ring_008
2017.03.13 05:24:05.660		OK	402462	ItemPassive_Unique_Ring_923_x1	0			3106202140	Unique_Ring_006_p2
2017.03.13 05:24:05.664		OK	364340	ItemPassive_Unique_Ring_020_x1	0			3108358623	Unique_Ring_020_x1
2017.03.13 05:24:05.676		OK	246118	ItemPassive_Unique_Axe_2H_001	0			202615249|202617693|2739303205	Unique_Axe_2H_001_104|Unique_Axe_2H_001_1xx|Unique_Axe_2H_001_x1
2017.03.13 05:24:05.681		OK	318358	ItemPassive_Unique_Ring_507_x1	0	2528010994		3304567992	Unique_Sword_2H_102_x1
2017.03.13 05:24:05.696		OK	318421	ItemPassive_Unique_Ring_532_x1	0			221630008	Unique_Cloak_001_x1
2017.03.13 05:24:05.701		OK	318758	ItemPassive_Unique_Ring_576_x1	0			3493761585	Unique_VoodooMask_101_x1
2017.03.13 05:24:05.716		OK	449031	P4_ItemPassive_Unique_Ring_068	0			3500939871|1510927142	P4_Unique_Bracer_107|P4_Unique_Ring_068
2017.03.13 05:24:05.720		OK	318798	ItemPassive_Unique_Ring_616_x1	0			1316702213	Unique_Chest_010_x1
2017.03.13 05:24:05.734		OK	445266	P4_ItemPassive_Unique_Ring_006	0	1765480092		1479591552|1510926942	P4_Unique_Belt_01|P4_Unique_Ring_006
2017.03.13 05:24:05.740		OK	318784	ItemPassive_Unique_Ring_602_x1	0			4159919247	Unique_Xbow_101_x1
2017.03.13 05:24:05.755		OK	318821	ItemPassive_Unique_Ring_639_x1	0			963166765	Unique_BarbBelt_101_x1
2017.03.13 05:24:05.760		OK	318790	ItemPassive_Unique_Ring_608_x1	0			1315731914	Unique_Chest_006_x1
2017.03.13 05:24:05.776		OK	440790	P3_ItemPassive_Unique_Ring_029	0			533836830|3342141602	P3_Unique_Bracer_107|P3_Unique_Ring_029
2017.03.13 05:24:05.780		OK	430674	P2_ItemPassive_Unique_Ring_038	0	3405442230|1541236666|4122635698|2639019912|569405584|928374825|3513867492		417069418|878388929	P2_Unique_Ring_04|P2_Unique_Ring_038
2017.03.13 05:24:05.796		OK	434008	ItemPassive_Unique_Ring_560_p2	0			1809991378	Unique_Belt_104_p2
2017.03.13 05:24:05.802		OK	402455	ItemPassive_Unique_Ring_916_x1	0			3304639866|3023599642	Unique_Sword_2H_104_x1|Unique_Sword_2H_104_x1_special
2017.03.13 05:24:05.817		OK	318381	ItemPassive_Unique_Ring_519_x1	0			1566368217	Unique_Amulet_103_x1
2017.03.13 05:24:05.822		OK	359554	ItemPassive_Unique_Ring_709_x1	0			1069972158	P2_Unique_Belt_01
2017.03.13 05:24:05.838		OK	423239	P2_ItemPassive_Unique_Ring_015	0			414599680|878388860	Unique_WizardHat_104_x1|P2_Unique_Ring_015
2017.03.13 05:24:05.842		OK	451170	P41_ItemPassive_Unique_Ring_012	0	2623743044		761073719|870187308	P41_Unique_Fist_008|P41_Unique_Ring_012
2017.03.13 05:24:05.857		OK	359557	ItemPassive_Unique_Ring_712_x1	0			962462404	Unique_Bracer_107_x1
2017.03.13 05:24:05.862		OK	451313	P42_ItemPassive_Unique_Ring_697_x1	0			3739066697	P42_Unique_Flail_1H_106_x1
2017.03.13 05:24:05.876		OK	318788	ItemPassive_Unique_Ring_606_x1	0			375356476	Unique_WizardHat_001_x1
2017.03.13 05:24:05.881		OK	318808	ItemPassive_Unique_Ring_626_x1	0			1784514905	Unique_CeremonialDagger_003_x1
2017.03.13 05:24:05.899		OK	318857	ItemPassive_Unique_Ring_662_x1	0			373333110	Unique_Helm_102_x1
2017.03.13 05:24:05.905		OK	434005	ItemPassive_Unique_Shoulder_002_p2	0			2335217262	Unique_Shoulder_002_p2
2017.03.13 05:24:05.920		OK	449063	P4_ItemPassive_Unique_Ring_074	0			1351441464|1510927171	Unique_Sword_1H_112_x1|P4_Unique_Ring_074
2017.03.13 05:24:05.925		OK	402416	ItemPassive_Unique_Ring_908_x1	0			3520657457	Unique_Pants_006_p1
2017.03.13 05:24:05.940		OK	441294	P3_ItemPassive_Unique_Ring_034	0			2821624475|3342141630	Unique_Mighty_1H_103_x1|P3_Unique_Ring_034
2017.03.13 05:24:05.945		OK	318867	ItemPassive_Unique_Ring_671_x1	0			1566511965	Unique_Amulet_107_x1
2017.03.13 05:24:05.960		OK	430678	P2_ItemPassive_Unique_Ring_042	0			1861701111|3500939897|878388956	P2_Unique_Bracer_110|P4_Unique_Bracer_110|P2_Unique_Ring_042
2017.03.13 05:24:05.965		OK	430679	P2_ItemPassive_Unique_Ring_043	0			1958737381|878388957	P2_Unique_BarbBelt_001|P2_Unique_Ring_043
2017.03.13 05:24:05.978		OK	446187	P4_ItemPassive_Unique_Ring_026	0	3995670060		826688810|1510927008	P4_Unique_Ring_02|P4_Unique_Ring_026
2017.03.13 05:24:05.984		OK	318835	ItemPassive_Unique_Ring_653_x1	0			3844285688|978821513|3529196687	x1_FollowerItem_Enchantress_Legendary_01|x1_FollowerItem_Scoundrel_Legendary_01|x1_FollowerItem_Templar_Legendary_01
2017.03.13 05:24:06.003		OK	402413	ItemPassive_Unique_Ring_905_x1	0			3106238076	Unique_Ring_007_p1
2017.03.13 05:24:06.008		OK	402457	ItemPassive_Unique_Ring_918_x1	0			3360145724	Unique_Dagger_104_x1
2017.03.13 05:24:06.023		OK	318431	ItemPassive_Unique_Ring_538_x1	0			674787317	Unique_SpiritStone_103_x1
2017.03.13 05:24:06.027		OK	454927	P43_ItemPassive_Unique_Ring_002	0	2047437116		3678173102	P43_Unique_Sword_2H_012_x1
2017.03.13 05:24:06.042		OK	359552	ItemPassive_Unique_Ring_707_x1	0			163188978	Unique_Flail_2H_103_x1
2017.03.13 05:24:06.047		OK	437854	P3_ItemPassive_Unique_Ring_014	0			1274781856|1479591558|3342141564	P3_Unique_Belt_02|P4_Unique_Belt_07|P3_Unique_Ring_014
2017.03.13 05:24:06.062		OK	434010	ItemPassive_Unique_Boots_007_p2	0			1940317172	Unique_Boots_007_p2
2017.03.13 05:24:06.067		OK	451164	P41_ItemPassive_Unique_Ring_006	0			1692870603|870187279	P4_Unique_Flail_2H_002|P41_Unique_Ring_006
2017.03.13 05:24:06.082		OK	451168	P41_ItemPassive_Unique_Ring_010	0			761073718|870187306	P41_Unique_Fist_007|P41_Unique_Ring_010
2017.03.13 05:24:06.085		OK	246562	ItemPassive_Unique_CombatStaff_2H_009	0	3772817820		1854532357|1854534801|446651865	Unique_CombatStaff_2H_009_104|Unique_CombatStaff_2H_009_1xx|Unique_CombatStaff_2H_009_x1
2017.03.13 05:24:06.100		OK	447816	P4_ItemPassive_Unique_Ring_061	0	2142895763		717504149|1510927135	P4_Unique_HandXBow_02|P4_Unique_Ring_061
2017.03.13 05:24:06.105		OK	450472	P4_ItemPassive_Unique_Ring_085	0			2404377427|1510927205	P4_Unique_Wand_010|P4_Unique_Ring_085
2017.03.13 05:24:06.122		OK	451167	P41_ItemPassive_Unique_Ring_009	0			1445202891|870187282	P41_Unique_Gloves_002|P41_Unique_Ring_009
2017.03.13 05:24:06.128		OK	441681	ItemPassive_Unique_Ring_612_p3	0			935449203	P3_Unique_Sword_1H_104
2017.03.13 05:24:06.144		OK	441280	P3_ItemPassive_Unique_Ring_033	0			565941040|3342141629	P3_Unique_Shoulder_102|P3_Unique_Ring_033
2017.03.13 05:24:06.149		OK	436521	P3_ItemPassive_Unique_Ring_008	0			533836824|3342141535	P3_Unique_Bracer_101|P3_Unique_Ring_008
2017.03.13 05:24:06.162		OK	364311	ItemPassive_Unique_Axe_1H_003_x1	0			785062630	Unique_Axe_1H_003_x1
2017.03.13 05:24:06.166		OK	318376	ItemPassive_Unique_Ring_514_x1	0			1859662905|1771839282	Unique_Wand_002_x1|P2_Unique_Wand_002
2017.03.13 05:24:06.181		OK	451237	P42_ItemPassive_Unique_Ring_002	0	2073891187		22283902	P42_Unique_BarbBelt_EQ
2017.03.13 05:24:06.185		OK	318799	ItemPassive_Unique_Ring_617_x1	0			576400255	Unique_Gloves_011_x1
2017.03.13 05:24:06.201		OK	359546	ItemPassive_Unique_Ring_705_x1	0			163224915|3268228876	Unique_Flail_2H_104_x1|P2_Unique_Flail_2H_104
2017.03.13 05:24:06.205		OK	318875	ItemPassive_Unique_Ring_679_x1	0			1771898421	Unique_Belt_010_x1
2017.03.13 05:24:06.220		OK	423242	P2_ItemPassive_Unique_Ring_018	0			1861699995|878388863	P2_Unique_Bracer_006|P2_Unique_Ring_018
2017.03.13 05:24:06.224		OK	318426	ItemPassive_Unique_Ring_534_x1	0			635687861	Unique_SpiritStone_004_x1
2017.03.13 05:24:06.239		OK	318850	ItemPassive_Unique_Ring_655_x1	0			2503915699	Unique_Flail_1H_105_x1
2017.03.13 05:24:06.244		OK	318869	ItemPassive_Unique_Ring_673_x1	0			824198023	Unique_Axe_1H_103_x1
2017.03.13 05:24:06.259		OK	429648	P2_ItemPassive_Unique_Ring_024	0			425752007|878388892	p2_Unique_Ring_Wizard_001|P2_Unique_Ring_024
2017.03.13 05:24:06.264		OK	451158	P41_ItemPassive_Unique_Ring_001	0			3410282938|870187274	P41_Unique_Ring_01|P41_Unique_Ring_001
2017.03.13 05:24:06.279		OK	446502	P4_ItemPassive_Unique_Ring_030	0			1891331216|1510927035	P4_Unique_Pants_002|P4_Unique_Ring_030
2017.03.13 05:24:06.285		OK	318377	ItemPassive_Unique_Ring_515_x1	0			3844285689|978821514|3529196688	x1_FollowerItem_Enchantress_Legendary_02|x1_FollowerItem_Scoundrel_Legendary_02|x1_FollowerItem_Templar_Legendary_02
2017.03.13 05:24:06.298		OK	318881	ItemPassive_Unique_Ring_685_x1	0	2316152323		1810027578	Unique_Belt_105_x1
2017.03.13 05:24:06.303		OK	434966	P2_ItemPassive_Unique_Ring_054	0			1069972160	P2_Unique_Belt_03
2017.03.13 05:24:06.316		OK	318782	ItemPassive_Unique_Ring_600_x1	0	3229917282		1566296343	Unique_Amulet_101_x1
2017.03.13 05:24:06.321		OK	446615	P4_ItemPassive_Unique_Ring_036	0			1160204008|1510927041	P4_Unique_Chest_018|P4_Unique_Ring_036
2017.03.13 05:24:06.337		OK	454934	P43_ItemPassive_Unique_Ring_006	0			1483432879	P43_Unique_Belt_005_x1
2017.03.13 05:24:06.342		OK	449048	P4_ItemPassive_Unique_Ring_072	0			1479591557|1510927169	P4_Unique_Belt_06|P4_Unique_Ring_072
2017.03.13 05:24:06.358		OK	318817	ItemPassive_Unique_Ring_635_x1	0			3559613429	Unique_Pants_101_x1
2017.03.13 05:24:06.363		OK	359604	ItemPassive_Unique_Ring_748_x1	0			3844285690|978821515|3529196689	x1_FollowerItem_Enchantress_Legendary_03|x1_FollowerItem_Scoundrel_Legendary_03|x1_FollowerItem_Templar_Legendary_03
2017.03.13 05:24:06.377		OK	318801	ItemPassive_Unique_Ring_619_x1	0			2335181588	Unique_Shoulder_001_x1
2017.03.13 05:24:06.382		OK	440743	P3_ItemPassive_Unique_Ring_028	0			3413095571|3342141601	P3_Unique_Belt_005|P3_Unique_Ring_028
2017.03.13 05:24:06.397		OK	318800	ItemPassive_Unique_Ring_618_x1	0			1810099452	Unique_Belt_107_x1
2017.03.13 05:24:06.403		OK	318776	ItemPassive_Unique_Ring_594_x1	0			446436243	Unique_CombatStaff_2H_003_x1
2017.03.13 05:24:06.417		OK	402458	ItemPassive_Unique_Ring_919_x1	0	3854007006		1351477401	Unique_Sword_1H_113_x1
2017.03.13 05:24:06.423		OK	318894	ItemPassive_Unique_Ring_698_x1	0			2503987573	Unique_Flail_1H_107_x1
2017.03.13 05:24:06.437		OK	318877	ItemPassive_Unique_Ring_681_x1	0			1979345017	Unique_Boots_104_x1
2017.03.13 05:24:06.441		OK	266766	X1_Crusader_BlessedHammer	2047437116			2438898399	Unique_Mace_1H_103_x1
2017.03.13 05:24:06.457		OK	318795	ItemPassive_Unique_Ring_613_x1	0			1810063515	Unique_Belt_106_x1
2017.03.13 05:24:06.461		OK	318432	ItemPassive_Unique_Ring_539_x1	0			3236221765	Unique_Fist_101_x1
2017.03.13 05:24:06.477		OK	441278	P3_ItemPassive_Unique_Ring_031	0			533836829|3342141627	P3_Unique_Bracer_106|P3_Unique_Ring_031
2017.03.13 05:24:06.483		OK	436430	P3_ItemPassive_Unique_Ring_004	0			1784501906|3342141531	P1_flail1H_norm_unique_01|P3_Unique_Ring_004
2017.03.13 05:24:06.498		OK	318895	ItemPassive_Unique_Ring_699_x1	0			2503807888	Unique_Flail_1H_102_x1
2017.03.13 05:24:06.502		OK	445279	P4_ItemPassive_Unique_Ring_008	0			3360037913|1510926944	Unique_Dagger_101_x1|P4_Unique_Ring_008
2017.03.13 05:24:06.516		OK	359538	ItemPassive_Unique_Ring_701_x1	0			2503879762	Unique_Flail_1H_104_x1
2017.03.13 05:24:06.520		OK	318751	ItemPassive_Unique_Ring_569_x1	0	3671328252		674751380	Unique_SpiritStone_102_x1
2017.03.13 05:24:06.537		OK	451238	P42_ItemPassive_Unique_Ring_003	0			2629393008	P42_Crusader_FoH_Belt
2017.03.13 05:24:06.542		OK	318423	ItemPassive_Unique_Ring_533_x1	0			3180501834	Unique_HandXBow_101_x1
2017.03.13 05:24:06.556		OK	318865	ItemPassive_Unique_Ring_669_x1	0			3106094592	Unique_Ring_003_x1
2017.03.13 05:24:06.561		OK	359602	ItemPassive_Unique_Ring_747_x1	0			3409483313	Unique_Belt_Set_02_x1
2017.03.13 05:24:06.577		OK	359591	ItemPassive_Unique_Ring_741_x1	0			1784952569	Unique_Bracer_Set_02_x1
2017.03.13 05:24:06.582		OK	318379	ItemPassive_Unique_Ring_517_x1	0			1999595351	Unique_Bow_101_x1
2017.03.13 05:24:06.597		OK	447368	P4_ItemPassive_Unique_Ring_054	0			1401814465|1510927105	P4_Unique_Fist_102|P4_Unique_Ring_054
2017.03.13 05:24:06.603		OK	447130	P4_ItemPassive_Unique_Ring_050	0			1479591556|1510927101	P4_Unique_Belt_05|P4_Unique_Ring_050
2017.03.13 05:24:06.618		OK	445692	P4_ItemPassive_Unique_Ring_011	0			3500939866|1510926970	P4_Unique_Bracer_102|P4_Unique_Ring_011
2017.03.13 05:24:06.622		OK	359593	ItemPassive_Unique_Ring_742_x1	0			924174856	Unique_BarbBelt_005_p1
2017.03.13 05:24:06.636		OK	447030	P4_ItemPassive_Unique_Ring_047	0			1076762841|1510927075	P4_Unique_CeremonialDagger_008|P4_Unique_Ring_047
2017.03.13 05:24:06.642		OK	449236	P4_ItemPassive_Unique_Ring_078	0			1925746096|1510927175	P4_Unique_Shoulder_101|P4_Unique_Ring_078
2017.03.13 05:24:06.656		OK	397784	ItemPassive_Unique_Ring_755_x1	0			1999667225	Unique_Bow_103_x1
2017.03.13 05:24:06.661		OK	447696	P4_ItemPassive_Unique_Ring_060	0			717504148|1510927134	P4_Unique_HandXBow_01|P4_Unique_Ring_060
2017.03.13 05:24:06.676		OK	402451	ItemPassive_Unique_Ring_915_x1	0			4061835217	P1_fistWeapon_norm_unique_01
2017.03.13 05:24:06.680		OK	445274	P4_ItemPassive_Unique_Ring_007	0	1221625994		3360073850|1714382|1510926943	Unique_Dagger_102_x1|P41_Unique_Dagger_102_x1|P4_Unique_Ring_007
2017.03.13 05:24:06.694		OK	318810	ItemPassive_Unique_Ring_628_x1	0			1940389309	Unique_Boots_009_x1
2017.03.13 05:24:06.699		OK	318744	ItemPassive_Unique_Ring_562_x1	0			480897754	Unique_Mighty_2H_101_x1
2017.03.13 05:24:06.713		OK	402540	p1_ItemPassive_Unique_Ring_941	0			1935108657	P1_Unique_SpiritStone_008
2017.03.13 05:24:06.717		OK	451166	P41_ItemPassive_Unique_Ring_008	0			1445202926|870187281	P41_Unique_Gloves_014|P41_Unique_Ring_008
2017.03.13 05:24:06.730		OK	246780	itemPassive_Unique_Staff_006	0			3028884467|3028886911|3085248775	Unique_Staff_006_104|Unique_Staff_006_1xx|Unique_Staff_006_x1
2017.03.13 05:24:06.734		OK	454930	P43_ItemPassive_Unique_Ring_004	3881606583			2820935254	P43_Unique_Ring_021_x1
2017.03.13 05:24:06.748		OK	446640	P4_ItemPassive_Unique_Ring_039	0			1925746098|1510927044	P4_Unique_Shoulder_103|P4_Unique_Ring_039
2017.03.13 05:24:06.752		OK	318719	ItemPassive_Unique_Ring_548_x1	0			1528490619	Unique_Amulet_015_x1
2017.03.13 05:24:06.768		OK	318411	ItemPassive_Unique_Ring_526_x1	0			3493797522	Unique_VoodooMask_102_x1
2017.03.13 05:24:06.773		OK	364343	itemPassive_Unique_Amulet_003_x1	0			1527232824	Unique_Amulet_003_x1
2017.03.13 05:24:06.788		OK	447029	P4_ItemPassive_Unique_Ring_046	0			2326354433|1510927074	P4_Unique_Axe_1H_102|P4_Unique_Ring_046
2017.03.13 05:24:06.793		OK	318820	ItemPassive_Unique_Ring_638_x1	0			962426467	Unique_Bracer_106_x1
2017.03.13 05:24:06.809		OK	451186	P41_ItemPassive_Unique_Ring_021	0			1089095217	P41_Unique_Boots_01
2017.03.13 05:24:06.816		OK	447372	P4_ItemPassive_Unique_Ring_055	0			1638775479|1510927106	P4_Unique_Mighty_1H_104|P4_Unique_Ring_055
2017.03.13 05:24:06.831		OK	402461	ItemPassive_Unique_Ring_922_x1	0			3107424000	Unique_Ring_017_p4
2017.03.13 05:24:06.835		OK	364325	itemPassive_Unique_Mace_1H_002_x1	0			2399727069	Unique_Mace_1H_002_x1
2017.03.13 05:24:06.851		OK	428220	P2_ItemPassive_Unique_Ring_023	0			1999631288|878388891	Unique_Bow_102_x1|P2_Unique_Ring_023
2017.03.13 05:24:06.856		OK	430682	P2_ItemPassive_Unique_Ring_046	0			1069972161|878388960	P2_Unique_Belt_04|P2_Unique_Ring_046
2017.03.13 05:24:06.871		OK	423229	P2_ItemPassive_Unique_Ring_006	0			1069972163|878388828	P2_Unique_Belt_06|P2_Unique_Ring_006
2017.03.13 05:24:06.877		OK	447295	P4_ItemPassive_Unique_Ring_053	0			3500939869|1510927104	P4_Unique_Bracer_105|P4_Unique_Ring_053
2017.03.13 05:24:06.892		OK	434009	itemPassive_Unique_Pants_007_p2	0	415710583		3520693395	Unique_Pants_007_p2
2017.03.13 05:24:06.896		OK	318419	ItemPassive_Unique_Ring_530_x1	0			924067309	Unique_BarbBelt_002_x1
2017.03.13 05:24:06.910		OK	318871	ItemPassive_Unique_Ring_675_x1	0			923147326	Unique_Bracer_002_x1
2017.03.13 05:24:06.915		OK	318375	ItemPassive_Unique_Ring_513_x1	0			3106130529	Unique_Ring_004_x1
2017.03.13 05:24:06.928		OK	318796	ItemPassive_Unique_Ring_614_x1	0			3454769940	Unique_VoodooMask_005_x1
2017.03.13 05:24:06.934		OK	454929	P43_ItemPassive_Unique_Ring_003	0			2909698940	P43_Unique_Fist_003_x1
2017.03.13 05:24:06.950		OK	318410	ItemPassive_Unique_Ring_525_x1	0			1566547902	Unique_Amulet_108_x1
2017.03.13 05:24:06.955		OK	423240	P2_ItemPassive_Unique_Ring_016	0			962498341|878388861	Unique_Bracer_108_x1|P2_Unique_Ring_016
2017.03.13 05:24:06.970		OK	318241	ItemPassive_Unique_Ring_500_x1	0			1809883830	Unique_Belt_101_x1
2017.03.13 05:24:06.975		OK	318870	ItemPassive_Unique_Ring_674_x1	0			3145265922	Unique_Ring_104_x1
2017.03.13 05:24:06.990		OK	318377	ItemPassive_Unique_Ring_515_x1	0			3844285689|978821514|3529196688	x1_FollowerItem_Enchantress_Legendary_02|x1_FollowerItem_Scoundrel_Legendary_02|x1_FollowerItem_Templar_Legendary_02
2017.03.13 05:24:06.995		OK	397802	ItemPassive_Unique_Ring_762_x1	0			2821588538	Unique_Mighty_1H_102_x1
2017.03.13 05:24:07.011		OK	318812	ItemPassive_Unique_Ring_630_x1	0			1823614361	Unique_CeremonialDagger_102_x1
2017.03.13 05:24:07.017		OK	318377	ItemPassive_Unique_Ring_515_x1	0			3844285689|978821514|3529196688	x1_FollowerItem_Enchantress_Legendary_02|x1_FollowerItem_Scoundrel_Legendary_02|x1_FollowerItem_Templar_Legendary_02
2017.03.13 05:24:07.031		OK	318864	ItemPassive_Unique_Ring_668_x1	0			1350507102	Unique_Sword_1H_109_x1
2017.03.13 05:24:07.035		OK	445694	P4_ItemPassive_Unique_Ring_012	0			826688809|1481522298|1510926971	P4_Unique_Ring_01|P42_Unique_Ring_Haunt|P4_Unique_Ring_012
2017.03.13 05:24:07.051		OK	447043	P4_ItemPassive_Unique_Ring_048	0			1249976208|1510927076	P4_Unique_Boots_001|P4_Unique_Ring_048
2017.03.13 05:24:07.056		OK	318861	ItemPassive_Unique_Ring_665_x1	0			3145229985	Unique_Ring_103_x1
2017.03.13 05:24:07.071		OK	440434	P3_ItemPassive_Unique_Ring_023	0			1274781855|3342141596	P3_Unique_Belt_01|P3_Unique_Ring_023
2017.03.13 05:24:07.076		OK	410217	p1_ItemPassive_Unique_Ring_944	0			916911834	P1_CeremonialDagger_norm_unique_01
2017.03.13 05:24:07.089		OK	454918	P43_ItemPassive_Unique_Ring_001	0	2462707378		1483289131	P43_Unique_Belt_001_x1
2017.03.13 05:24:07.094		OK	434038	ItemPassive_Unique_Ring_753_p2	0			1809919504	Unique_Belt_102_p2
2017.03.13 05:24:07.111		OK	451240	P42_ItemPassive_Unique_Ring_005	0			3780732316	P42_Unique_Fist_013_x1
2017.03.13 05:24:07.116		OK	364321	ItemPassive_Unique_Sword_2H_004_x1	0			3265504473	Unique_Sword_2H_004_x1
2017.03.13 05:24:07.130		OK	442477	P3_ItemPassive_Unique_Ring_040	0	1974566355		2135114822|3342141659	Unique_Spear_004_p3|P3_Unique_Ring_040
2017.03.13 05:24:07.135		OK	434039	ItemPassive_Unique_Ring_651_p2	0			1810135126	Unique_Belt_108_p2
2017.03.13 05:24:07.150		OK	318371	ItemPassive_Unique_Ring_510_x1	0			1898798298	Unique_Wand_102_x1
2017.03.13 05:24:07.155		OK	359587	ItemPassive_Unique_Ring_739_x1	0			229283378	Unique_Sword_1H_Promo_02_x1
2017.03.13 05:24:07.171		OK	318779	ItemPassive_Unique_Ring_597_x1	0			1354687622	Unique_Chest_101_x1
2017.03.13 05:24:07.176		OK	318835	ItemPassive_Unique_Ring_653_x1	0			3844285688|978821513|3529196687	x1_FollowerItem_Enchantress_Legendary_01|x1_FollowerItem_Scoundrel_Legendary_01|x1_FollowerItem_Templar_Legendary_01
2017.03.13 05:24:07.190		OK	444929	P4_ItemPassive_Unique_Ring_003	0			3500939865|1510926939	P4_Unique_Bracer_101|P4_Unique_Ring_003
2017.03.13 05:24:07.194		OK	451160	P41_ItemPassive_Unique_Ring_002	0			3410282939|870187275	P41_Unique_Ring_02|P41_Unique_Ring_002
2017.03.13 05:24:07.208		OK	318773	ItemPassive_Unique_Ring_591_x1	0			334269591	Unique_Helm_004_x1
2017.03.13 05:24:07.213		OK	433993	ItemPassive_Unique_Axe_1H_005_p2	0			785134241	Unique_Axe_1H_005_p2
2017.03.13 05:24:07.226		OK	359550	ItemPassive_Unique_Ring_706_x1	0			60186269	Unique_Mace_2H_010_x1
2017.03.13 05:24:07.232		OK	359604	ItemPassive_Unique_Ring_748_x1	0			3844285690|978821515|3529196689	x1_FollowerItem_Enchantress_Legendary_03|x1_FollowerItem_Scoundrel_Legendary_03|x1_FollowerItem_Templar_Legendary_03
2017.03.13 05:24:07.245		OK	91549	Wizard_Disintegrate	1714727035	1714727035		1860884763	Unique_Wand_013_x1
2017.03.13 05:24:07.251		OK	318835	ItemPassive_Unique_Ring_653_x1	0			3844285688|978821513|3529196687	x1_FollowerItem_Enchantress_Legendary_01|x1_FollowerItem_Scoundrel_Legendary_01|x1_FollowerItem_Templar_Legendary_01
2017.03.13 05:24:07.264		OK	318873	ItemPassive_Unique_Ring_677_x1	0			2438862462	Unique_Mace_1H_102_x1
2017.03.13 05:24:07.269		OK	318858	ItemPassive_Unique_Ring_663_x1	0			2374352918	Unique_Shoulder_102_x1
2017.03.13 05:24:07.282		OK	430289	P2_ItemPassive_Unique_Ring_034	0	880678497		1861701087|878388925	P2_Unique_Bracer_109|P2_Unique_Ring_034
2017.03.13 05:24:07.286		OK	446734	P4_ItemPassive_Unique_Ring_042	0			1288371997|1510927070	P4_Unique_Staff_001|P4_Unique_Ring_042
2017.03.13 05:24:07.301		OK	318412	ItemPassive_Unique_Ring_527_x1	0			3304532055	Unique_Sword_2H_101_x1
2017.03.13 05:24:07.304		OK	446592	P4_ItemPassive_Unique_Ring_035	0			1665606857|1510927040	P4_Unique_Polearm_01|P4_Unique_Ring_035
2017.03.13 05:24:07.320		OK	434007	ItemPassive_Unique_Ring_664_p2	0			614349464	Unique_Gloves_101_p2
2017.03.13 05:24:07.325		OK	451242	P42_ItemPassive_Unique_Ring_007	0			2442086991	P42_Unique_Wand_003_x1
2017.03.13 05:24:07.340		OK	318724	ItemPassive_Unique_Ring_552_x1	0			1823578424	Unique_CeremonialDagger_101_x1
2017.03.13 05:24:07.345		OK	364338	itemPassive_Unique_WizardHat_004_x1	0			375464287	Unique_WizardHat_004_x1
2017.03.13 05:24:07.359		OK	446541	P4_ItemPassive_Unique_Ring_032	0			1479591554|1510927037	P4_Unique_Belt_03|P4_Unique_Ring_032
2017.03.13 05:24:07.363		OK	318772	ItemPassive_Unique_Ring_590_x1	0	1525113398		923327011	Unique_Bracer_007_x1
2017.03.13 05:24:07.378		OK	442478	P3_ItemPassive_Unique_Ring_041	0			3124312294|3342141660	Unique_Staff_104_x1|P3_Unique_Ring_041
2017.03.13 05:24:07.383		OK	451161	P41_ItemPassive_Unique_Ring_003	0			2221758816|870187276	P41_Unique_Pants_001|P41_Unique_Ring_003
2017.03.13 05:24:07.397		OK	359537	ItemPassive_Unique_Ring_700_x1	0			2503843825	Unique_Flail_1H_103_x1
2017.03.13 05:24:07.401		OK	446641	P4_ItemPassive_Unique_Ring_040	0	303982585		2412262560|1510927068	P4_Unique_Sword_1H_01|P4_Unique_Ring_040
2017.03.13 05:24:07.417		OK	318715	ItemPassive_Unique_Ring_544_x1	0			1528382808	Unique_Amulet_012_x1
2017.03.13 05:24:07.421		OK	318731	ItemPassive_Unique_Ring_554_x1	0			575286208	Unique_Gloves_003_x1
2017.03.13 05:24:07.436		OK	454932	P43_ItemPassive_Unique_Ring_005	0			3810402768	P43_Unique_Dagger_003_x1
2017.03.13 05:24:07.441		OK	246113	ItemPassive_Unique_Axe_1H_007	0			785206378	Unique_Axe_1H_007_x1
2017.03.13 05:24:07.454		OK	248484	ItemPassive_Unique_Axe_1H_006	0	2993679893		140743477|140745921|785170441	Unique_Axe_1H_006_104|Unique_Axe_1H_006_1xx|Unique_Axe_1H_006_x1
2017.03.13 05:24:07.459		OK	318300	ItemPassive_Unique_Ring_501_x1	0			221665945|221665681	Unique_Cloak_002_x1|Unique_Cloak_002_p1
2017.03.13 05:24:07.473		OK	409811	p1_ItemPassive_Unique_Ring_943	0			2151594317	P1_Unique_Boots_010
2017.03.13 05:24:07.477		OK	402447	ItemPassive_Unique_Ring_911_x1	0			916911835	P1_CeremonialDagger_norm_unique_02
2017.03.13 05:24:07.493		OK	451243	P42_ItemPassive_Unique_Ring_008	0			760767651|3333939986	P42_handXbow_norm_unique_03|P42_Unique_Ring_008
2017.03.13 05:24:07.498		OK	318759	ItemPassive_Unique_Ring_577_x1	0			1566404154	Unique_Amulet_104_x1
2017.03.13 05:24:07.513		OK	318433	ItemPassive_Unique_Ring_540_x1	0			3197373868|1296237551	Unique_Fist_009_x1|P4_Unique_Fist_009_x1
2017.03.13 05:24:07.518		OK	451162	P41_ItemPassive_Unique_Ring_004	0			1484349569|870187277	P41_Unique_CombatStaff_2H_005|P41_Unique_Ring_004
2017.03.13 05:24:07.532		OK	318753	ItemPassive_Unique_Ring_571_x1	0			98243552	Unique_Mace_2H_103_x1
2017.03.13 05:24:07.536		OK	435040	P2_ItemPassive_Unique_Ring_059	0			2125089234	P2_Unique_Mighty_2H_001
2017.03.13 05:24:07.551		OK	364316	ItemPassive_Unique_CeremonialDagger_002_x1	0			1784478968	Unique_CeremonialDagger_002_x1
2017.03.13 05:24:07.556		OK	402448	ItemPassive_Unique_Ring_912_x1	0			3085356322	Unique_Staff_009_p1
2017.03.13 05:24:07.569		OK	251572	ItemPassive_Unique_VoodooMask_002	0			2334623261|2334625705|3454662129	Unique_VoodooMask_002_104|Unique_VoodooMask_002_1xx|Unique_VoodooMask_002_x1
2017.03.13 05:24:07.574		OK	318428	ItemPassive_Unique_Ring_536_x1	0			674715443	Unique_SpiritStone_101_x1
2017.03.13 05:24:07.590		OK	318786	ItemPassive_Unique_Ring_604_x1	0			414563743	Unique_WizardHat_103_x1
2017.03.13 05:24:07.594		OK	318824	ItemPassive_Unique_Ring_642_x1	0			635615987	Unique_SpiritStone_002_x1
2017.03.13 05:24:07.608		OK	359553	ItemPassive_Unique_Ring_708_x1	0			163117104	Unique_Flail_2H_101_x1
2017.03.13 05:24:07.612		OK	247777	ItemPassive_Unique_CombatStaff_2H_007	0			1852160515|1852162959|446579991	Unique_CombatStaff_2H_007_104|Unique_CombatStaff_2H_007_1xx|Unique_CombatStaff_2H_007_x1
2017.03.13 05:24:07.626		OK	445427	P4_ItemPassive_Unique_Ring_009	0			1479591553|1510926945	P4_Unique_Belt_02|P4_Unique_Ring_009
2017.03.13 05:24:07.631		OK	430677	P2_ItemPassive_Unique_Ring_041	0			417069416|878388955	P2_Unique_Ring_02|P2_Unique_Ring_041
2017.03.13 05:24:07.644		OK	318791	ItemPassive_Unique_Ring_609_x1	0			3124276357	Unique_Staff_103_x1
2017.03.13 05:24:07.649		OK	318732	ItemPassive_Unique_Ring_555_x1	0			1784550842	Unique_CeremonialDagger_004_x1
2017.03.13 05:24:07.665		OK	318716	ItemPassive_Unique_Ring_545_x1	0			1527340635	Unique_Amulet_006_x1
2017.03.13 05:24:07.669		OK	440336	P3_ItemPassive_Unique_Ring_022	0			2911688024|3342141595	P3_Unique_WizardHat_003|P3_Unique_Ring_022
2017.03.13 05:24:07.685		OK	318806	ItemPassive_Unique_Ring_624_x1	0			3145158111	Unique_Ring_101_x1
2017.03.13 05:24:07.689		OK	446638	P4_ItemPassive_Unique_Ring_037	0			3302750597|1510927042	P4_Unique_Spear_002|P4_Unique_Ring_037
2017.03.13 05:24:07.702		OK	247572	itemPassive_Unique_Staff_007	0			3030070388|3030072832|3085284712	Unique_Staff_007_104|Unique_Staff_007_1xx|Unique_Staff_007_x1
2017.03.13 05:24:07.707		OK	446195	P4_ItemPassive_Unique_Ring_027	0			1350435228|1510927009	Unique_Sword_1H_107_x1|P4_Unique_Ring_027
2017.03.13 05:24:07.722		OK	423233	P2_ItemPassive_Unique_Ring_009	0			1958737386|878388831	P2_Unique_BarbBelt_006|P2_Unique_Ring_009
2017.03.13 05:24:07.727		OK	318763	ItemPassive_Unique_Ring_581_x1	0			1350219606	Unique_Sword_1H_101_x1
2017.03.13 05:24:07.742		OK	318774	ItemPassive_Unique_Ring_592_x1	0	4066915085		3454626192	Unique_VoodooMask_001_x1
2017.03.13 05:24:07.750		OK	451239	P42_ItemPassive_Unique_Ring_004	0			3754105996	P42_Unique_Bracer_SpikeTrap
2017.03.13 05:24:07.763		OK	318811	ItemPassive_Unique_Ring_629_x1	0			635795672	Unique_SpiritStone_007_x1
2017.03.13 05:24:07.769		OK	445920	P4_ItemPassive_Unique_Ring_017	0			2879819804|1510926976	P1_Wand_norm_unique_02|P4_Unique_Ring_017
2017.03.13 05:24:07.785		OK	359604	ItemPassive_Unique_Ring_748_x1	0			3844285690|978821515|3529196689	x1_FollowerItem_Enchantress_Legendary_03|x1_FollowerItem_Scoundrel_Legendary_03|x1_FollowerItem_Templar_Legendary_03
2017.03.13 05:24:07.789		OK	318792	ItemPassive_Unique_Ring_610_x1	0			3124240420	Unique_Staff_102_x1
2017.03.13 05:24:07.804		OK	447839	P4_ItemPassive_Unique_Ring_062	0			3500939870|1510927136	P4_Unique_Bracer_106|P4_Unique_Ring_062
2017.03.13 05:24:07.809		OK	318740	ItemPassive_Unique_Ring_558_x1	0			414527806	Unique_WizardHat_102_x1
2017.03.13 05:24:07.825		OK	402411	ItemPassive_Unique_Ring_903_x1	0			614385664|4061835218|746976661	Unique_Gloves_102_x1|P1_fistWeapon_norm_unique_02|P4_fistWeapon_norm_unique_02
2017.03.13 05:24:07.829		OK	367008	ItemPassive_Unique_Polearm_001_x1	0			2306922430	Unique_Polearm_001_x1
2017.03.13 05:24:07.843		OK	397783	ItemPassive_Unique_Ring_754_x1	0			2335253198	Unique_Shoulder_003_p1
2017.03.13 05:24:07.847		OK	318385	ItemPassive_Unique_Ring_523_x1	0	261232985		3454877751	Unique_VoodooMask_008_x1
2017.03.13 05:24:07.861		OK	446655	P4_ItemPassive_Unique_Ring_041	0			3881168018|1510927069	P4_Unique_Helm_103|P4_Unique_Ring_041
2017.03.13 05:24:07.865		OK	446969	P4_ItemPassive_Unique_Ring_045	0			3656492948|1510927073	P4_Unique_Dagger_002|P4_Unique_Ring_045
2017.03.13 05:24:07.880		OK	318789	ItemPassive_Unique_Ring_607_x1	0			1898762361	Unique_Wand_101_x1
2017.03.13 05:24:07.884		OK	449049	P4_ItemPassive_Unique_Ring_073	0			3881168017|1510927170	P4_Unique_Helm_102|P4_Unique_Ring_073
2017.03.13 05:24:07.900		OK	318430	ItemPassive_Unique_Ring_537_x1	0			485535699	Unique_CombatStaff_2H_102_x1
2017.03.13 05:24:07.904		OK	318771	ItemPassive_Unique_Ring_589_x1	0			962246782	Unique_Bracer_101_x1
2017.03.13 05:24:07.918		OK	364312	ItemPassive_Unique_Dagger_010_x1	0			4229791434	Unique_Dagger_010_x1_210
2017.03.13 05:24:07.922		OK	451165	P41_ItemPassive_Unique_Ring_007	0	890686438		2785544700|870187280	P41_Unique_Xbow_102|P41_Unique_Ring_007
2017.03.13 05:24:07.936		OK	441517	P3_ItemPassive_Unique_Ring_038	0	2956673594		533836826|3342141634	P3_Unique_Bracer_103|P3_Unique_Ring_038
2017.03.13 05:24:07.942		OK	434036	ItemPassive_Unique_Ring_670_p2	0			3145193785	Unique_Ring_102_p2
2017.03.13 05:24:07.956		OK	318718	ItemPassive_Unique_Ring_547_x1	0			1527268761	Unique_Amulet_004_x1
2017.03.13 05:24:07.961		OK	446639	P4_ItemPassive_Unique_Ring_038	0			1479591555|1510927043	P4_Unique_Belt_04|P4_Unique_Ring_038
2017.03.13 05:24:07.974		OK	377453	X1_Barbarian_AncientSpear	938760134	1232081345			
2017.03.13 05:24:07.977		OK	353447	X1_Barbarian_Avalanche_v2	3360799724				
2017.03.13 05:24:07.990		OK	79242	Barbarian_Bash	1919007815	1919007815			
2017.03.13 05:24:07.994		OK	79076	Barbarian_BattleRage	1482646276	1482646276			
2017.03.13 05:24:08.011		OK	80049	Barbarian_CallOfTheAncients	254801712	254801712			
2017.03.13 05:24:08.014		OK	80263	Barbarian_Cleave	568487545				
2017.03.13 05:24:08.028		OK	98878	Barbarian_Earthquake	3857249268	3857249268			
2017.03.13 05:24:08.032		OK	78548	Barbarian_Frenzy	2975039367	2975039367			
2017.03.13 05:24:08.044		OK	97435	Barbarian_FuriousCharge	3148293472	3148293472			
2017.03.13 05:24:08.047		OK	79446	Barbarian_GroundStomp	3010331147	3010331147			
2017.03.13 05:24:08.061		OK	80028	Barbarian_HammerOfTheAncients	428781230				
2017.03.13 05:24:08.064		OK	79528	Barbarian_IgnorePain	2993679893	2993679893			
2017.03.13 05:24:08.078		OK	93409	Barbarian_Leap	832433827	832433827			
2017.03.13 05:24:08.082		OK	159169	Barbarian_Overpower	2462707378	2462707378			
2017.03.13 05:24:08.097		OK	70472	Barbarian_Rend	3772894290	3772894290			
2017.03.13 05:24:08.101		OK	109342	Barbarian_Revenge	580267189	580267189			
2017.03.13 05:24:08.115		OK	86989	Barbarian_SeismicSlam	3233567555	3233567555			
2017.03.13 05:24:08.118		OK	78551	Barbarian_Sprint	4121045641	4121045641			
2017.03.13 05:24:08.132		OK	79077	Barbarian_ThreateningShout	1977770901	1977770901			
2017.03.13 05:24:08.136		OK	375483	X1_Barbarian_WarCry_v2	713374049	713374049			
2017.03.13 05:24:08.150		OK	377452	X1_Barbarian_WeaponThrow	4108931463	4108931463			
2017.03.13 05:24:08.153		OK	96296	Barbarian_Whirlwind	1322687777				
2017.03.13 05:24:08.168		OK	79607	Barbarian_WrathOfTheBerserker	2168744906	2168744906|2419289824			
2017.03.13 05:24:08.173		OK	205228	Barbarian_Passive_Animosity	285471987				
2017.03.13 05:24:08.186		OK	205187	Barbarian_Passive_BerserkerRage	1163801070	2212791580			
2017.03.13 05:24:08.189		OK	205217	Barbarian_Passive_Bloodthirst	1903569166				
2017.03.13 05:24:08.202		OK	204603	Barbarian_Passive_BoonOfBulKathos	3861319589				
2017.03.13 05:24:08.206		OK	205133	Barbarian_Passive_Brawler	2654889491	2952434567			
2017.03.13 05:24:08.219		OK	361661	X1_Barbarian_Passive_EarthenMight	4227302271	1063178072			
2017.03.13 05:24:08.224		OK	205546	Barbarian_Passive_InspiringPresence	1602331770				
2017.03.13 05:24:08.237		OK	205707	Barbarian_Passive_Juggernaut	3986096901				
2017.03.13 05:24:08.240		OK	217819	Barbarian_Passive_NervesOfSteel	1851298116	1851298116			
2017.03.13 05:24:08.253		OK	204725	Barbarian_Passive_NoEscape	3806796321				
2017.03.13 05:24:08.256		OK	205205	Barbarian_Passive_PoundOfFlesh	165667404	165667404			
2017.03.13 05:24:08.268		OK	296572	X1_Barbarian_Passive_Rampage	3639143356	3003001190			
2017.03.13 05:24:08.271		OK	205398	Barbarian_Passive_Relentless	3881736131	3488293561			
2017.03.13 05:24:08.284		OK	205175	Barbarian_Passive_Ruthless	2335019540				
2017.03.13 05:24:08.287		OK	205491	Barbarian_Passive_Superstition	1939325266				
2017.03.13 05:24:08.301		OK	340877	X1_Barbarian_Passive_SwordAndBoard	4291698953				
2017.03.13 05:24:08.304		OK	205848	Barbarian_Passive_ToughAsNails	2733948428				
2017.03.13 05:24:08.317		OK	205300	Barbarian_Passive_Unforgiving	3392231032				
2017.03.13 05:24:08.320		OK	206147	Barbarian_Passive_WeaponsMaster	3617945175				
2017.03.13 05:24:08.333		OK	269032	X1_Crusader_AkaratsChampion	3024819679	3024819679			
2017.03.13 05:24:08.337		OK	266766	X1_Crusader_BlessedHammer	2047437116			2438898399	Unique_Mace_1H_103_x1
2017.03.13 05:24:08.350		OK	266951	X1_Crusader_BlessedShield	3505549997	3505549997			
2017.03.13 05:24:08.354		OK	284876	X1_Crusader_Bombardment	1417711558	239649			
2017.03.13 05:24:08.368		OK	266627	X1_Crusader_Condemn	3346730045	239649			
2017.03.13 05:24:08.371		OK	273941	X1_Crusader_Consecration	663260264	239649			
2017.03.13 05:24:08.385		OK	267818	X1_Crusader_CrushingResolve	239649	239649			
2017.03.13 05:24:08.388		OK	239137	X1_Crusader_FallingSword	2440240234	2440240234|2047437116			
2017.03.13 05:24:08.401		OK	239218	X1_Crusader_FistOfTheHeavens	3114805186				
2017.03.13 05:24:08.405		OK	316014	X1_Crusader_HeavensFury3	2946852966				
2017.03.13 05:24:08.418		OK	291804	X1_Crusader_IronSkin	3165782921	3165782921|2733948428			
2017.03.13 05:24:08.422		OK	267600	X1_Crusader_Judgment	2747472303	2747472303			
2017.03.13 05:24:08.435		OK	325216	X1_Crusader_Justice	1031678231	1031678231			
2017.03.13 05:24:08.438		OK	290960	X1_Crusader_LawsOfFate	239649	239649			
2017.03.13 05:24:08.453		OK	342279	X1_Crusader_LawsOfHope2	3072384440	239649			
2017.03.13 05:24:08.457		OK	342280	X1_Crusader_LawsOfJustice2	2430907811				
2017.03.13 05:24:08.470		OK	342281	X1_Crusader_LawsOfValor2	3531549488				
2017.03.13 05:24:08.473		OK	330729	x1_Crusader_Phalanx3	1729162028				
2017.03.13 05:24:08.486		OK	290545	X1_Crusader_Provoke	3052489254	3052489254			
2017.03.13 05:24:08.489		OK	285903	X1_Crusader_Punish	2997083095	2997083095			
2017.03.13 05:24:08.503		OK	353492	X1_Crusader_ShieldBash2	1249306807	1249306807			
2017.03.13 05:24:08.506		OK	268530	X1_Crusader_ShieldGlare	1440729579				
2017.03.13 05:24:08.519		OK	289243	X1_Crusader_Slash	3666483739	3666483739			
2017.03.13 05:24:08.522		OK	286510	X1_Crusader_Smite	622736444	4282390|622736444|239649			
2017.03.13 05:24:08.535		OK	243853	X1_Crusader_SteedCharge	1510491007	1510491007			
2017.03.13 05:24:08.539		OK	239042	X1_Crusader_SweepAttack	2186888616	2186888616			
2017.03.13 05:24:08.552		OK	348773	X1_Crusader_Passive_Blunt	4041733339				
2017.03.13 05:24:08.555		OK	356176	X1_Crusader_Passive_DivineFortress	1275320813				
2017.03.13 05:24:08.568		OK	357269	X1_Crusader_Passive_NephalemMajesty	4037170909				
2017.03.13 05:24:08.572		OK	357218	X1_Crusader_Passive_Fervor	2531171338	2531171338			
2017.03.13 05:24:08.585		OK	311629	X1_Crusader_Passive_Finery	3553083011				
2017.03.13 05:24:08.588		OK	286177	X1_Crusader_Passive_HeavenlyStrength	2960727425				
2017.03.13 05:24:08.601		OK	302500	X1_Crusader_Passive_HoldYourGround	3215582651				
2017.03.13 05:24:08.604		OK	310804	X1_Crusader_Passive_HolyCause	2633328419				
2017.03.13 05:24:08.617		OK	309830	X1_Crusader_Passive_Indestructible	1099393495	1099393495			
2017.03.13 05:24:08.620		OK	310640	X1_Crusader_Passive_Insurmountable	3955299278	1924762199			
2017.03.13 05:24:08.634		OK	310783	X1_Crusader_Passive_IronMaiden	2503653692				
2017.03.13 05:24:08.638		OK	310678	X1_Crusader_Passive_LongArmOfTheLaw	510878592				
2017.03.13 05:24:08.653		OK	348741	X1_Crusader_Passive_LordCommander	3252339261				
2017.03.13 05:24:08.656		OK	356173	X1_Crusader_Passive_Renewal	3449330660	1488020096			
2017.03.13 05:24:08.669		OK	356147	X1_Crusader_Passive_Righteousness	1833271637				
2017.03.13 05:24:08.672		OK	356052	X1_Crusader_Passive_ToweringShield	2754902014	4022948488			
2017.03.13 05:24:08.686		OK	310626	X1_Crusader_Passive_Vigilant	4057131540				
2017.03.13 05:24:08.689		OK	310775	X1_Crusader_Passive_Wrathful	3031537987	1488020096			
2017.03.13 05:24:08.703		OK	77552	DemonHunter_Bolas	1573036684				
2017.03.13 05:24:08.707		OK	129216	DemonHunter_Caltrops	810901144	810901144			
2017.03.13 05:24:08.721		OK	129213	DemonHunter_Chakram	1799143751	1799143751			
2017.03.13 05:24:08.725		OK	129214	DemonHunter_ClusterArrow	324597533				
2017.03.13 05:24:08.737		OK	365311	X1_DemonHunter_Companion	439848148	439848148			
2017.03.13 05:24:08.740		OK	131325	DemonHunter_ElementalArrow	184977554				
2017.03.13 05:24:08.753		OK	361936	X1_DemonHunter_EntanglingShot	1589427902	1589427902			
2017.03.13 05:24:08.756		OK	377450	X1_DemonHunter_EvasiveFire	2594005641	2594005641			
2017.03.13 05:24:08.770		OK	77546	DemonHunter_FanOfKnives	1221625994	1221625994			
2017.03.13 05:24:08.774		OK	86610	DemonHunter_Grenades	1383355833	1383355833			
2017.03.13 05:24:08.787		OK	129215	DemonHunter_HungeringArrow	1893827298				
2017.03.13 05:24:08.791		OK	131366	DemonHunter_Impale	2594944828	2594944828|2419289824			
2017.03.13 05:24:08.804		OK	130738	DemonHunter_MarkedForDeath	746746961	746746961|172722932			
2017.03.13 05:24:08.808		OK	77649	DemonHunter_Multishot	303982585				
2017.03.13 05:24:08.821		OK	129212	DemonHunter_Preparation	3714052661	3714052661			
2017.03.13 05:24:08.825		OK	130831	DemonHunter_RainOfVengeance	3422491597	3422491597|2419289824			
2017.03.13 05:24:08.839		OK	131192	DemonHunter_RapidFire	890686438	890686438			
2017.03.13 05:24:08.843		OK	129217	DemonHunter_Sentry	3326150325	3326150325|2419289824			
2017.03.13 05:24:08.856		OK	130830	DemonHunter_ShadowPower	1595292131	1595292131			
2017.03.13 05:24:08.859		OK	130695	DemonHunter_SmokeScreen	498378287	498378287			
2017.03.13 05:24:08.873		OK	75301	DemonHunter_SpikeTrap	3714901347	3714901347			
2017.03.13 05:24:08.877		OK	134030	DemonHunter_Strafe	2184421717				
2017.03.13 05:24:08.890		OK	111215	DemonHunter_Vault	1765480092	1765480092			
2017.03.13 05:24:08.894		OK	302846	X1_DemonHunter_Vengeance	1368351649	1368351649			
2017.03.13 05:24:08.908		OK	352920	X1_DemonHunter_Passive_Ambush	608154598				
2017.03.13 05:24:08.911		OK	209734	DemonHunter_Passive_Archery	3333952724				
2017.03.13 05:24:08.925		OK	324770	X1_DemonHunter_Passive_Awareness	3727829327	3727829327			
2017.03.13 05:24:08.929		OK	155723	DemonHunter_Passive_Ballistics	2724217296				
2017.03.13 05:24:08.943		OK	210801	DemonHunter_Passive_Brooding	1860876243	810158721			
2017.03.13 05:24:08.946		OK	155721	DemonHunter_Passive_CullTheWeak	4214899055				
2017.03.13 05:24:08.959		OK	208610	DemonHunter_Passive_CustomEngineering	3309907294				
2017.03.13 05:24:08.963		OK	208779	DemonHunter_Passive_Grenadier	2447865967				
2017.03.13 05:24:08.976		OK	155725	DemonHunter_Passive_HotPursuit	929589357	2567579188			
2017.03.13 05:24:08.980		OK	439525	X1_DemonHunter_Passive_Leech	1324876423				
2017.03.13 05:24:08.993		OK	218350	DemonHunter_Passive_NightStalker	989292478				
2017.03.13 05:24:08.996		OK	218398	DemonHunter_Passive_NumbingTraps	3392294912	4022948488			
2017.03.13 05:24:09.010		OK	155722	DemonHunter_Passive_Perfectionist	1477444155				
2017.03.13 05:24:09.014		OK	155715	DemonHunter_Passive_Sharpshooter	4022948488	4022948488			
2017.03.13 05:24:09.027		OK	338859	X1_DemonHunter_Passive_SingleOut	2280375200				
2017.03.13 05:24:09.030		OK	164363	DemonHunter_Passive_SteadyAim	2176454368	2884367470			
2017.03.13 05:24:09.043		OK	218385	DemonHunter_Passive_TacticalAdvantage	852610358	852610358			
2017.03.13 05:24:09.047		OK	211225	DemonHunter_Passive_ThrillOfTheHunt	1178023747				
2017.03.13 05:24:09.061		OK	136954	Monk_BlindingFlash	1869915185	1869915185			
2017.03.13 05:24:09.064		OK	69130	Monk_BreathOfHeaven	184169342	184169342			
2017.03.13 05:24:09.078		OK	96311	Monk_CripplingWave	4253953495	4253953495			
2017.03.13 05:24:09.082		OK	223473	Monk_CycloneStrike	2383150363	2383150363			
2017.03.13 05:24:09.095		OK	312736	X1_Monk_DashingStrike	2297806700	2297806700			
2017.03.13 05:24:09.099		OK	96019	Monk_DeadlyReach	4228438802	4228438802			
2017.03.13 05:24:09.112		OK	312307	X1_Monk_Epiphany	4039032154	4039032154			
2017.03.13 05:24:09.117		OK	97328	Monk_ExplodingPalm	4217834320	4217834320			
2017.03.13 05:24:09.132		OK	95940	Monk_FistsofThunder	1599418324	1599418324			
2017.03.13 05:24:09.135		OK	317076	X1_Monk_InnerSanctuary	2508502738	2508502738			
2017.03.13 05:24:09.149		OK	111676	Monk_LashingTailKick	257300654				
2017.03.13 05:24:09.153		OK	375088	X1_Monk_MantraOfConviction_v2	4267880982	4267880982			
2017.03.13 05:24:09.166		OK	373143	X1_Monk_MantraOfHealing_v2	4051286657	4051286657			
2017.03.13 05:24:09.170		OK	375082	X1_Monk_MantraOfRetribution_v2	2510088668	2510088668			
2017.03.13 05:24:09.183		OK	375049	X1_Monk_MantraOfEvasion_v2	1620214495	1620214495			
2017.03.13 05:24:09.187		OK	362102	X1_Monk_MysticAlly_v2	4013763271				
2017.03.13 05:24:09.202		OK	96215	Monk_Serenity	4264690927	4264690927			
2017.03.13 05:24:09.206		OK	96694	Monk_SevenSidedStrike	2868080664	3247444952|2630604918			
2017.03.13 05:24:09.220		OK	96090	Monk_SweepingWind	3804611664	3804611664			
2017.03.13 05:24:09.223		OK	121442	Monk_TempestRush	2463202280	2463202280			
2017.03.13 05:24:09.236		OK	96033	Monk_WaveOfLight	3340198908				
2017.03.13 05:24:09.239		OK	97110	Monk_WayOfTheHundredFists	1764077782	1764077782			
2017.03.13 05:24:09.254		OK	209104	Monk_Passive_BeaconOfYtar	314328592				
2017.03.13 05:24:09.257		OK	156467	Monk_Passive_ChantOfResonance	1499771024	1499771024			
2017.03.13 05:24:09.271		OK	218415	Monk_Passive_CombinationStrike	3908604714	3908604714			
2017.03.13 05:24:09.274		OK	209027	Monk_Passive_ExaltedSoul	1742673788				
2017.03.13 05:24:09.287		OK	209029	Monk_Passive_FleetFooted	1932836290				
2017.03.13 05:24:09.291		OK	156492	Monk_Passive_GuidingLight	691056746	1002935253			
2017.03.13 05:24:09.304		OK	404168	p1_Monk_Passive_Harmony	2290536697				
2017.03.13 05:24:09.308		OK	341559	X1_Monk_Passive_Momentum	1068645732	792511656			
2017.03.13 05:24:09.321		OK	315271	X1_Monk_Passive_MythicRhythm	2640655164	2640655164			
2017.03.13 05:24:09.325		OK	156484	Monk_Passive_NearDeathExperience	1234942918	1234942918			
2017.03.13 05:24:09.338		OK	402633	p1_Monk_Passive_Provocation	2385770725	2952434567			
2017.03.13 05:24:09.342		OK	404245	p1_Monk_Passive_RelentlessAssault	2336331887				
2017.03.13 05:24:09.354		OK	211581	Monk_Passive_Resolve	2196494234	3494463702			
2017.03.13 05:24:09.357		OK	209628	Monk_Passive_SeizeTheInitiative	1194449484	1194449484			
2017.03.13 05:24:09.370		OK	209622	Monk_Passive_SixthSense	1287759776				
2017.03.13 05:24:09.373		OK	209812	Monk_Passive_TheGuardiansPath	1978951700				
2017.03.13 05:24:09.386		OK	209250	Monk_Passive_Transcendence	232963121				
2017.03.13 05:24:09.390		OK	368899	X1_Monk_Passive_Unity	1119381057				
2017.03.13 05:24:09.402		OK	70455	Witchdoctor_AcidCloud	2280883641	2280883641			
2017.03.13 05:24:09.406		OK	117402	Witchdoctor_BigBadVoodoo	1757376672	1757376672			
2017.03.13 05:24:09.420		OK	69866	Witchdoctor_CorpseSpider	2157718487	2157718487			
2017.03.13 05:24:09.423		OK	72785	Witchdoctor_FetishArmy	2870927885				
2017.03.13 05:24:09.436		OK	105963	Witchdoctor_Firebats	886583105	886583105			
2017.03.13 05:24:09.439		OK	67567	Witchdoctor_Firebomb	2376459543	2376459543			
2017.03.13 05:24:09.453		OK	30624	Witchdoctor_Gargantuan	3792224409	3792224409			
2017.03.13 05:24:09.455		OK	69182	Witchdoctor_GraspOfTheDead	3737512178	3737512178			
2017.03.13 05:24:09.468		OK	83602	Witchdoctor_Haunt	2198492913	2198492913			
2017.03.13 05:24:09.471		OK	30631	Witchdoctor_Hex	1439096694	1439096694			
2017.03.13 05:24:09.484		OK	67668	Witchdoctor_Horrify	3612919668	3612919668			
2017.03.13 05:24:09.488		OK	69867	Witchdoctor_Locust_Swarm	1465459957	1465459957			
2017.03.13 05:24:09.501		OK	67600	Witchdoctor_MassConfusion	3808155897	3808155897		3060269322|3060271766	Unique_CeremonialDagger_008_104|Unique_CeremonialDagger_008_1xx
2017.03.13 05:24:09.505		OK	347265	Witchdoctor_Piranhas	886161223	886161223			
2017.03.13 05:24:09.518		OK	106465	Witchdoctor_PlagueOfToads	749261375	749261375			
2017.03.13 05:24:09.521		OK	103181	Witchdoctor_PoisonDart	182799700	182799700			
2017.03.13 05:24:09.535		OK	102572	Witchdoctor_Sacrifice	3624441914	3624441914			
2017.03.13 05:24:09.538		OK	67616	Witchdoctor_SoulHarvest	2196086897	2196086897|2281503825			
2017.03.13 05:24:09.551		OK	108506	Witchdoctor_SpiritBarrage	1117784160	1117784160	3		
2017.03.13 05:24:09.554		OK	106237	Witchdoctor_SpiritWalk	3129485499	3129485499			
2017.03.13 05:24:09.568		OK	102573	Witchdoctor_SummonZombieDog	46288016				
2017.03.13 05:24:09.571		OK	134837	Witchdoctor_WallOfZombies	32183695	32183695			
2017.03.13 05:24:09.584		OK	74003	Witchdoctor_ZombieCharger	1974566355	1974566355			
2017.03.13 05:24:09.587		OK	217826	Witchdoctor_Passive_BadMedicine	4188953228	1851330729			
2017.03.13 05:24:09.600		OK	208568	Witchdoctor_Passive_BloodRitual	687686877				
2017.03.13 05:24:09.603		OK	208571	Witchdoctor_Passive_CircleOfLife	2457736647				
2017.03.13 05:24:09.618		OK	442741	X1_WitchDoctor_Passive_ConfidenceRitual	2423319440				
2017.03.13 05:24:09.622		OK	340908	Witchdoctor_Passive_CreepingDeath	2667474682				
2017.03.13 05:24:09.916		OK	218588	Witchdoctor_Passive_FetishSycophants	1895988520				
2017.03.13 05:24:09.919		OK	208639	Witchdoctor_Passive_FierceLoyalty	3265990692				
2017.03.13 05:24:09.932		OK	218191	Witchdoctor_Passive_GraveInjustice	2831706474				
2017.03.13 05:24:09.935		OK	208594	Witchdoctor_Passive_GruesomeFeast	2004785790	1591242582			
2017.03.13 05:24:09.948		OK	217968	Witchdoctor_Passive_JungleFortitude	1411119650				
2017.03.13 05:24:09.951		OK	340909	Witchdoctor_Passive_MidnightFeast	2772105166				
2017.03.13 05:24:09.965		OK	340910	Witchdoctor_Passive_PhysicalAttunement	3976783465				
2017.03.13 05:24:09.968		OK	208628	Witchdoctor_Passive_PierceTheVeil	989292478				
2017.03.13 05:24:09.981		OK	208565	Witchdoctor_Passive_RushOfEssence	1545737749	1971724004			
2017.03.13 05:24:09.984		OK	208569	Witchdoctor_Passive_SpiritualAttunement	520015337				
2017.03.13 05:24:09.997		OK	218501	Witchdoctor_Passive_SpiritVessel	1523375412	1523375412|3129485499			
2017.03.13 05:24:10.000		OK	109560	Trait_Witchdoctor_ZombieDogSpawner_Passive	2457736647				
2017.03.13 05:24:10.016		OK	208601	Witchdoctor_Passive_TribalRites	2588768459				
2017.03.13 05:24:10.020		OK	209041	Witchdoctor_Passive_VisionQuest	3575003783	3653339270			
2017.03.13 05:24:10.033		OK	208563	Witchdoctor_Passive_ZombieHandler	1366430649				
2017.03.13 05:24:10.036		OK	30668	Wizard_ArcaneOrb	2680277445	2680277445			
2017.03.13 05:24:10.050		OK	134456	Wizard_ArcaneTorrent	1779828560	1779828560			
2017.03.13 05:24:10.053		OK	134872	Wizard_Archon	3123915539	3123915539	2		
2017.03.13 05:24:10.066		OK	167355	Wizard_Archon_ArcaneBlast	2910405906				
2017.03.13 05:24:10.069		OK	135166	Wizard_Archon_ArcaneStrike	484853934				
2017.03.13 05:24:10.082		OK	135238	Wizard_Archon_DisintegrationWave	3229129129				
2017.03.13 05:24:10.085		OK	135663	Wizard_Archon_SlowTime	3167580294	3167580294			
2017.03.13 05:24:10.099		OK	167648	Wizard_Archon_Teleport	784762273				
2017.03.13 05:24:10.102		OK	243141	X1_Wizard_Wormhole	3713685789	3819853910|3713685789			
2017.03.13 05:24:10.115		OK	30680	Wizard_Blizzard	4138616090				
2017.03.13 05:24:10.118		OK	75599	Wizard_DiamondSkin	3225293865	3225293865			
2017.03.13 05:24:10.132		OK	91549	Wizard_Disintegrate	1714727035	1714727035		1860884763	Unique_Wand_013_x1
2017.03.13 05:24:10.134		OK	1765	Wizard_Electrocute	3898331671				
2017.03.13 05:24:10.148		OK	86991	Wizard_EnergyArmor	1709064835	1709064835	2|4|3|5		
2017.03.13 05:24:10.151		OK	77113	Wizard_EnergyTwister	1154209487	1154209487|1716942913			
2017.03.13 05:24:10.169		OK	87525	Wizard_ExplosiveBlast	692400941	692400941			
2017.03.13 05:24:10.172		OK	99120	Wizard_Familiar	4193597309	4193597309	1|2		
2017.03.13 05:24:10.185		OK	30718	Wizard_FrostNova	3386826874	3386826874			
2017.03.13 05:24:10.188		OK	30725	Wizard_Hydra	3239591952				
2017.03.13 05:24:10.201		OK	73223	Wizard_IceArmor	3362898666	3362898666			
2017.03.13 05:24:10.204		OK	30744	Wizard_MagicMissile	3402782127				
2017.03.13 05:24:10.219		OK	76108	Wizard_MagicWeapon	2800719875	2800719875			
2017.03.13 05:24:10.221		OK	69190	Wizard_Meteor	1985710244	1985710244			
2017.03.13 05:24:10.234		OK	98027	Wizard_MirrorImage	1585093686				
2017.03.13 05:24:10.237		OK	93395	Wizard_RayOfFrost	448906631	448906631			
2017.03.13 05:24:10.253		OK	30783	Wizard_ShockPulse	3881606583				
2017.03.13 05:24:10.256		OK	1769	Wizard_SlowTime	305262860	305262860	3		
2017.03.13 05:24:10.270		OK	71548	Wizard_SpectralBlade	1247273774	1247273774	4		
2017.03.13 05:24:10.273		OK	74499	Wizard_StormArmor	3537432142	3537432142	3		
2017.03.13 05:24:10.286		OK	168344	Wizard_Teleport	2217412135	2217412135			
2017.03.13 05:24:10.289		OK	30796	Wizard_WaveOfForce	3303174543	3303174543			
2017.03.13 05:24:10.302		OK	208823	Wizard_Passive_ArcaneDynamo	3581007607	3581007607			
2017.03.13 05:24:10.305		OK	208472	Wizard_Passive_AstralPresence	2573566218				
2017.03.13 05:24:10.319		OK	341540	X1_Wizard_Passive_Audacity	3723713922				
2017.03.13 05:24:10.322		OK	208468	Wizard_Passive_Blur	3409609379				
2017.03.13 05:24:10.335		OK	226301	Wizard_Passive_ColdBlooded	1475200540				
2017.03.13 05:24:10.338		OK	218044	Wizard_Passive_Conflagration	1028263253	4282390			
2017.03.13 05:24:10.351		OK	341344	x1_Wizard_Passive_ArcaneAegis	2864652961	2864652961			
2017.03.13 05:24:10.354		OK	342326	X1_Wizard_Passive_ElementalExposure	2137259648				
2017.03.13 05:24:10.367		OK	208473	Wizard_Passive_Evocation	4058933168				
2017.03.13 05:24:10.370		OK	208541	Wizard_Passive_GalvanizingWard	1488020096	3793502051			
2017.03.13 05:24:10.384		OK	208471	Wizard_Passive_GlassCannon	3607063845				
2017.03.13 05:24:10.389		OK	208547	Wizard_Passive_Illusionist	860941742				
2017.03.13 05:24:10.402		OK	226348	Wizard_Passive_Paralysis	3599231238				
2017.03.13 05:24:10.406		OK	208478	Wizard_Passive_PowerHungry	1017338247	1017338247			
2017.03.13 05:24:10.420		OK	208493	Wizard_Passive_Prodigy	3397625047				
2017.03.13 05:24:10.424		OK	208477	Wizard_Passive_TemporalFlux	225438545	225438545			
2017.03.13 05:24:10.437		OK	208474	Wizard_Passive_UnstableAnomaly	4077865334	4077865334			
2017.03.13 05:24:10.440		OK	298038	X1_Wizard_Passive_UnwaveringWill	859252908	520347990|3397625047			
2017.03.13 05:24:10.455		OK	434377	P2_ItemPassive_Unique_Ring_051	0			1663326820|1664512741	Unique_Mighty_1H_010_104|Unique_Mighty_1H_011_104
2017.03.13 05:24:10.460		OK	318760	ItemPassive_Unique_Ring_578_x1	0			1638662963|1841122353|172016992|2991336524|880593661|261789231|2445628295|1731128197|504980532|437674272|1810427985|3934061699|2445630739|1731130641|504982976|437676716|1810430429|3934064143|334413339|442912345|1316810024|924318868|575465893|1941323671|4110193822	Unique_Helm_008|Unique_Mighty_2H_010|Unique_Chest_013|Unique_BarbBelt_009|Unique_Gloves_008|Unique_Boots_012|Unique_Helm_008_104|Unique_Mighty_2H_010_104|Unique_Chest_013_104|Unique_BarbBelt_009_104|Unique_Gloves_008_104|Unique_Boots_012_104|Unique_Helm_008_1xx|Unique_Mighty_2H_010_1xx|Unique_Chest_013_1xx|Unique_BarbBelt_009_1xx|Unique_Gloves_008_1xx|Unique_Boots_012_1xx|Unique_Helm_008_x1|Unique_Mighty_2H_010_x1|Unique_Chest_013_x1|Unique_BarbBelt_009_x1|Unique_Gloves_008_x1|Unique_Boots_012_x1|P2_Unique_Pants_02
2017.03.13 05:24:10.475		OK	429851	P2_ItemPassive_Unique_Ring_027	0			878388895	P2_Unique_Ring_027
2017.03.13 05:24:10.479		OK	430684	P2_ItemPassive_Unique_Ring_048	0			878388962	P2_Unique_Ring_048
2017.03.13 05:24:10.493		OK	318762	ItemPassive_Unique_Ring_580_x1	0			2059579422|2302982356|827195572|2314385524|260113317|3494391925	Unique_Gloves_Set_15_x1|Unique_Helm_Set_15_x1|Unique_Pants_Set_15_x1|Unique_Shoulder_Set_15_x1|Unique_Chest_Set_15_x1|Unique_Boots_Set_15_x1
2017.03.13 05:24:10.497		OK	318418	ItemPassive_Unique_Ring_529_x1	0			2059579422|2302982356|827195572|2314385524|260113317|3494391925	Unique_Gloves_Set_15_x1|Unique_Helm_Set_15_x1|Unique_Pants_Set_15_x1|Unique_Shoulder_Set_15_x1|Unique_Chest_Set_15_x1|Unique_Boots_Set_15_x1
2017.03.13 05:24:10.512		OK	444521	P4_ItemPassive_Unique_Ring_001	0			1510926937	P4_Unique_Ring_001
2017.03.13 05:24:10.518		OK	429665	P2_ItemPassive_Unique_Ring_025	0			878388893	P2_Unique_Ring_025
2017.03.13 05:24:10.533		OK	359563	ItemPassive_Unique_Ring_718_x1	0			2301796435|2313199603|258927396|826009651|3493206004|2058393501	Unique_Helm_Set_05_x1|Unique_Shoulder_Set_05_x1|Unique_Chest_Set_05_x1|Unique_Pants_Set_05_x1|Unique_Boots_Set_05_x1|Unique_Gloves_Set_05_x1
2017.03.13 05:24:10.536		OK	429673	P2_ItemPassive_Unique_Ring_026	0	3148293472		878388894	P2_Unique_Ring_026
2017.03.13 05:24:10.551		OK	423206	P2_ItemPassive_Unique_Ring_002	0			878388824	P2_Unique_Ring_002
2017.03.13 05:24:10.555		OK	423205	P2_ItemPassive_Unique_Ring_001	0			878388823	P2_Unique_Ring_001
2017.03.13 05:24:10.570		OK	423226	P2_ItemPassive_Unique_Ring_003	0			878388825	P2_Unique_Ring_003
2017.03.13 05:24:10.574		OK	447291	P4_ItemPassive_Unique_Ring_052	0	1510491007		1510927103	P4_Unique_Ring_052
2017.03.13 05:24:10.590		OK	447290	P4_ItemPassive_Unique_Ring_051	0			1510927102	P4_Unique_Ring_051
2017.03.13 05:24:10.595		OK	359584	ItemPassive_Unique_Ring_736_x1	0			2302802671|2314205839|259933632|827015887|3494212240|2059399737|889637079	Unique_Helm_Set_10_x1|Unique_Shoulder_Set_10_x1|Unique_Chest_Set_10_x1|Unique_Pants_Set_10_x1|Unique_Boots_Set_10_x1|Unique_Gloves_Set_10_x1|P43_AkkhanSet_Amulet
2017.03.13 05:24:10.611		OK	359585	ItemPassive_Unique_Ring_737_x1	0			2302802671|2314205839|259933632|827015887|3494212240|2059399737|889637079	Unique_Helm_Set_10_x1|Unique_Shoulder_Set_10_x1|Unique_Chest_Set_10_x1|Unique_Pants_Set_10_x1|Unique_Boots_Set_10_x1|Unique_Gloves_Set_10_x1|P43_AkkhanSet_Amulet
2017.03.13 05:24:10.617		OK	445942	P4_ItemPassive_Unique_Ring_018	0			1510926977	P4_Unique_Ring_018
2017.03.13 05:24:10.631		OK	430676	P2_ItemPassive_Unique_Ring_040	0			878388954	P2_Unique_Ring_040
2017.03.13 05:24:10.637		OK	430675	P2_ItemPassive_Unique_Ring_039	0			878388930	P2_Unique_Ring_039
2017.03.13 05:24:10.650		OK	409428	ItemPassive_Unique_Ring_900_x1	0	39729065			
2017.03.13 05:24:10.655		OK	436428	P3_ItemPassive_Unique_Ring_003	0			3342141530	P3_Unique_Ring_003
2017.03.13 05:24:10.670		OK	436426	P3_ItemPassive_Unique_Ring_001	0			3342141528	P3_Unique_Ring_001
2017.03.13 05:24:10.675		OK	436427	P3_ItemPassive_Unique_Ring_002	0			3342141529	P3_Unique_Ring_002
2017.03.13 05:24:10.689		OK	445829	P4_ItemPassive_Unique_Ring_016	0	2503653692		1510926975	P4_Unique_Ring_016
2017.03.13 05:24:10.694		OK	445639	P4_ItemPassive_Unique_Ring_010	0	1083919412|1417711558		1510926969	P4_Unique_Ring_010
2017.03.13 05:24:10.708		OK	446511	P4_ItemPassive_Unique_Ring_031	0			1510927036	P4_Unique_Ring_031
2017.03.13 05:24:10.713		OK	318380	ItemPassive_Unique_Ring_518_x1	0			515789441|515789442|585800149|586986070|585802593|586988514|3141366441|3141402378	Unique_HandXBow_001|Unique_HandXBow_002|Unique_HandXBow_001_104|Unique_HandXBow_002_104|Unique_HandXBow_001_1xx|Unique_HandXBow_002_1xx|Unique_HandXBow_001_x1|Unique_HandXBow_002_x1
2017.03.13 05:24:10.728		OK	447905	P4_ItemPassive_Unique_Ring_064	0			1510927138	P4_Unique_Ring_064
2017.03.13 05:24:10.734		OK	359561	ItemPassive_Unique_Ring_716_x1	0			2301868309|2313271477|258999270|826081525|3493277878|2058465375	Unique_Helm_Set_07_x1|Unique_Shoulder_Set_07_x1|Unique_Chest_Set_07_x1|Unique_Pants_Set_07_x1|Unique_Boots_Set_07_x1|Unique_Gloves_Set_07_x1
2017.03.13 05:24:10.748		OK	359562	ItemPassive_Unique_Ring_717_x1	0			2301868309|2313271477|258999270|826081525|3493277878|2058465375	Unique_Helm_Set_07_x1|Unique_Shoulder_Set_07_x1|Unique_Chest_Set_07_x1|Unique_Pants_Set_07_x1|Unique_Boots_Set_07_x1|Unique_Gloves_Set_07_x1
2017.03.13 05:24:10.753		OK	318832	ItemPassive_Unique_Ring_650_x1	0			2301868309|2313271477|258999270|826081525|3493277878|2058465375	Unique_Helm_Set_07_x1|Unique_Shoulder_Set_07_x1|Unique_Chest_Set_07_x1|Unique_Pants_Set_07_x1|Unique_Boots_Set_07_x1|Unique_Gloves_Set_07_x1
2017.03.13 05:24:10.769		OK	402449	ItemPassive_Unique_Ring_913_x1	0			1638662964|515789443|2456731765|3563390295|261789230|2446814216|588171991|3024675273|3753559979|3932875778|2446816660|588174435|3024677717|3753562423|3932878222|334449276|3141438315|221809693|3107208639|1941287734|4110193821|4088810343	Unique_Helm_009|Unique_HandXBow_003|Unique_Cloak_006|Unique_Ring_011|Unique_Boots_011|Unique_Helm_009_104|Unique_HandXBow_003_104|Unique_Cloak_006_104|Unique_Ring_011_104|Unique_Boots_011_104|Unique_Helm_009_1xx|Unique_HandXBow_003_1xx|Unique_Cloak_006_1xx|Unique_Ring_011_1xx|Unique_Boots_011_1xx|Unique_Helm_009_x1|Unique_HandXBow_003_x1|Unique_Cloak_006_x1|Unique_Ring_011_x1|Unique_Boots_011_x1|P2_Unique_Pants_01|P2_Unique_Gloves_01
2017.03.13 05:24:10.775		OK	429885	P2_ItemPassive_Unique_Ring_031	0			878388922	P2_Unique_Ring_031
2017.03.13 05:24:10.788		OK	434964	P2_ItemPassive_Unique_Ring_053	0	3422491597|2680277445			
2017.03.13 05:24:10.792		OK	318386	ItemPassive_Unique_Ring_524_x1	0	2447103775			
2017.03.13 05:24:10.806		OK	318876	ItemPassive_Unique_Ring_680_x1	0			260077380|827159635|3494355988|2059543485|2302946419|2314349587	Unique_Chest_Set_14_x1|Unique_Pants_Set_14_x1|Unique_Boots_Set_14_x1|Unique_Gloves_Set_14_x1|Unique_Helm_Set_14_x1|Unique_Shoulder_Set_14_x1
2017.03.13 05:24:10.814		OK	444522	P4_ItemPassive_Unique_Ring_002	0			1510926938	P4_Unique_Ring_002
2017.03.13 05:24:10.829		OK	423230	P2_ItemPassive_Unique_Ring_007	0			878388829	P2_Unique_Ring_007
2017.03.13 05:24:10.833		OK	423244	P2_ItemPassive_Unique_Ring_020	0	53927899		878388888	P2_Unique_Ring_020
2017.03.13 05:24:10.846		OK	423228	P2_ItemPassive_Unique_Ring_005	0	303982585		878388827	P2_Unique_Ring_005
2017.03.13 05:24:10.851		OK	440568	P3_ItemPassive_Unique_Ring_025	0			3342141598	P3_Unique_Ring_025
2017.03.13 05:24:10.864		OK	440569	P3_ItemPassive_Unique_Ring_026	0	553933193		3342141599	P3_Unique_Ring_026
2017.03.13 05:24:10.870		OK	430685	P2_ItemPassive_Unique_Ring_049	0			878388963	P2_Unique_Ring_049
2017.03.13 05:24:10.884		OK	318435	ItemPassive_Unique_Ring_542_x1	0	1620214495|2510088668|4051286657|4267880982			
2017.03.13 05:24:10.891		OK	449252	P4_ItemPassive_Unique_Ring_080	0			1510927200	P4_Unique_Ring_080
2017.03.13 05:24:10.907		OK	427799	P2_ItemPassive_Unique_Ring_022	0			878388890	P2_Unique_Ring_022
2017.03.13 05:24:10.912		OK	427798	P2_ItemPassive_Unique_Ring_021	0			878388889	P2_Unique_Ring_021
2017.03.13 05:24:10.925		OK	430228	P2_ItemPassive_Unique_Ring_033	0	2654889491		878388924	P2_Unique_Ring_033
2017.03.13 05:24:10.930		OK	446762	P4_ItemPassive_Unique_Ring_044	0			1510927072	P4_Unique_Ring_044
2017.03.13 05:24:10.948		OK	446761	P4_ItemPassive_Unique_Ring_043	0			1510927071	P4_Unique_Ring_043
2017.03.13 05:24:10.954		OK	446562	P4_ItemPassive_Unique_Ring_033	0			1510927038	P4_Unique_Ring_033
2017.03.13 05:24:10.970		OK	439311	P3_ItemPassive_Unique_Ring_019	0			3342141569	P3_Unique_Ring_019
2017.03.13 05:24:10.976		OK	439310	P3_ItemPassive_Unique_Ring_018	0			3342141568	P3_Unique_Ring_018
2017.03.13 05:24:10.990		OK	439312	P3_ItemPassive_Unique_Ring_020	0			3342141593	P3_Unique_Ring_020
2017.03.13 05:24:10.996		OK	360491	ItemPassive_Unique_Mojo_010_x1	0			394684215|4231359227|3061455243|2664259407|3061457687|2664261851|1784730527|3334500579	Unique_CeremonialDagger_009|Unique_Mojo_010|Unique_CeremonialDagger_009_104|Unique_Mojo_010_104|Unique_CeremonialDagger_009_1xx|Unique_Mojo_010_1xx|Unique_CeremonialDagger_009_x1|Unique_Mojo_010_x1
2017.03.13 05:24:11.013		OK	440744	ItemPassive_Unique_Mojo_010_x1_tooltipDummy_1	0			394684215|4231359227|3061455243|2664259407|3061457687|2664261851|1784730527|3334500579	Unique_CeremonialDagger_009|Unique_Mojo_010|Unique_CeremonialDagger_009_104|Unique_Mojo_010_104|Unique_CeremonialDagger_009_1xx|Unique_Mojo_010_1xx|Unique_CeremonialDagger_009_x1|Unique_Mojo_010_x1
2017.03.13 05:24:11.021		OK	439309	P3_ItemPassive_Unique_Ring_017	0			3342141567	P3_Unique_Ring_017
2017.03.13 05:24:11.037		OK	437710	P3_ItemPassive_Unique_Ring_009	0			3342141536	P3_Unique_Ring_009
2017.03.13 05:24:11.042		OK	437711	P3_ItemPassive_Unique_Ring_010	0	32183695		3342141560	P3_Unique_Ring_010
2017.03.13 05:24:11.056		OK	439303	P3_ItemPassive_Unique_Ring_015	0			3342141565	P3_Unique_Ring_015
2017.03.13 05:24:11.062		OK	439308	P3_ItemPassive_Unique_Ring_016	0			3342141566	P3_Unique_Ring_016
2017.03.13 05:24:11.078		OK	439309	P3_ItemPassive_Unique_Ring_017	0			3342141567	P3_Unique_Ring_017
2017.03.13 05:24:11.084		OK	434967	P2_ItemPassive_Unique_Ring_055	0			2301940183|2313343351|259071144|826153399|3493349752|2058537249	Unique_Helm_Set_09_x1|Unique_Shoulder_Set_09_x1|Unique_Chest_Set_09_x1|Unique_Pants_Set_09_x1|Unique_Boots_Set_09_x1|Unique_Gloves_Set_09_x1
2017.03.13 05:24:11.099		OK	434969	P2_ItemPassive_Unique_Ring_056	0	3422491597|2680277445			
2017.03.13 05:24:11.104		OK	359573	ItemPassive_Unique_Ring_726_x1	0			2301940183|2313343351|259071144|826153399|3493349752|2058537249	Unique_Helm_Set_09_x1|Unique_Shoulder_Set_09_x1|Unique_Chest_Set_09_x1|Unique_Pants_Set_09_x1|Unique_Boots_Set_09_x1|Unique_Gloves_Set_09_x1
2017.03.13 05:24:11.120		OK	318778	ItemPassive_Unique_Ring_596_x1	0			270555854|172016995|4231359228|3563390296|261789232|2340552866|508538295|2665445328|3754745900|3935247620|2340555310|508540739|2665447772|3754748344|3935250064|3454841814|1316917835|3334536516|3107244576|1941359608|4088810345|4110193824	Unique_VoodooMask_007|Unique_Chest_016|Unique_Mojo_011|Unique_Ring_012|Unique_Boots_013|Unique_VoodooMask_007_104|Unique_Chest_016_104|Unique_Mojo_011_104|Unique_Ring_012_104|Unique_Boots_013_104|Unique_VoodooMask_007_1xx|Unique_Chest_016_1xx|Unique_Mojo_011_1xx|Unique_Ring_012_1xx|Unique_Boots_013_1xx|Unique_VoodooMask_007_x1|Unique_Chest_016_x1|Unique_Mojo_011_x1|Unique_Ring_012_x1|Unique_Boots_013_x1|P2_Unique_Gloves_03|P2_Unique_Pants_04
2017.03.13 05:24:11.125		OK	430680	P2_ItemPassive_Unique_Ring_044	0			878388958	P2_Unique_Ring_044
2017.03.13 05:24:11.140		OK	429857	P2_ItemPassive_Unique_Ring_030	0	923531859		878388921	P2_Unique_Ring_030
2017.03.13 05:24:11.146		OK	437844	P3_ItemPassive_Unique_Ring_013	0			3342141563	P3_Unique_Ring_013
2017.03.13 05:24:11.161		OK	440235	P3_ItemPassive_Unique_Ring_021	0	4266139187		3342141594	P3_Unique_Ring_021
2017.03.13 05:24:11.167		OK	359574	ItemPassive_Unique_Ring_727_x1	0			260041443|827123698|3494320051|2059507548|2314313650|2302910482	Unique_Chest_Set_13_x1|Unique_Pants_Set_13_x1|Unique_Boots_Set_13_x1|Unique_Gloves_Set_13_x1|Unique_Shoulder_Set_13_x1|Unique_Helm_Set_13_x1
2017.03.13 05:24:11.182		OK	437840	P3_ItemPassive_Unique_Ring_011	0			3342141561	P3_Unique_Ring_011
2017.03.13 05:24:11.187		OK	437843	P3_ItemPassive_Unique_Ring_012	0			3342141562	P3_Unique_Ring_012
2017.03.13 05:24:11.202		OK	359555	ItemPassive_Unique_Ring_710_x1	0			215441131|1638662988|172016993|3634344306|412126068|1445448511|2475276320|506166453|2605975878|3158709320|1445450955|2475278764|506168897|2605978322|3158711764|2776964819|335311764|1316845961|1770928122|1527376572|4110193823|4088810344	Unique_Orb_012|Unique_Helm_010|Unique_Chest_014|Unique_Belt_006|Unique_Amulet_007|Unique_Orb_012_104|Unique_Helm_010_104|Unique_Chest_014_104|Unique_Belt_006_104|Unique_Amulet_007_104|Unique_Orb_012_1xx|Unique_Helm_010_1xx|Unique_Chest_014_1xx|Unique_Belt_006_1xx|Unique_Amulet_007_1xx|Unique_Orb_012_x1|Unique_Helm_010_x1|Unique_Chest_014_x1|Unique_Belt_006_x1|Unique_Amulet_007_x1|P2_Unique_Pants_03|P2_Unique_Gloves_02
2017.03.13 05:24:11.208		OK	430672	P2_ItemPassive_Unique_Ring_036	0			878388927	P2_Unique_Ring_036
2017.03.13 05:24:11.222		OK	429855	P2_ItemPassive_Unique_Ring_028	0	4282390|1815699917		878388896	P2_Unique_Ring_028
2017.03.13 05:24:11.226		OK	359580	ItemPassive_Unique_Ring_732_x1	0	1218396323			
2017.03.13 05:24:11.239		OK	359581	ItemPassive_Unique_Ring_733_x1	0	3705779975|2419289824			
2017.03.13 05:24:11.245		OK	445814	P4_ItemPassive_Unique_Ring_015	0			1510926974	P4_Unique_Ring_015
2017.03.13 05:24:11.260		OK	423237	P2_ItemPassive_Unique_Ring_013	0			878388858	P2_Unique_Ring_013
2017.03.13 05:24:11.266		OK	450294	P4_ItemPassive_Unique_Ring_084	0			1510927204	P4_Unique_Ring_084
2017.03.13 05:24:11.285		OK	423234	P2_ItemPassive_Unique_Ring_010	0			878388855	P2_Unique_Ring_010
2017.03.13 05:24:11.292		OK	359558	ItemPassive_Unique_Ring_713_x1	0			238734067|880593662|903144212|261789233|4092721991|1811613906|221068264|3936433541|4092724435|1811616350|221070708|3936435985|2336583131|575501830|3520765532|1941395545|1846613104|1930988128	Unique_Shoulder_017|Unique_Gloves_009|Unique_Pants_009|Unique_Boots_014|Unique_Shoulder_017_104|Unique_Gloves_009_104|Unique_Pants_009_104|Unique_Boots_014_104|Unique_Shoulder_017_1xx|Unique_Gloves_009_1xx|Unique_Pants_009_1xx|Unique_Boots_014_1xx|Unique_Shoulder_017_x1|Unique_Gloves_009_x1|Unique_Pants_009_x1|Unique_Boots_014_x1|CraftingPlan_Smith_T07_Legendary_Set_Hell_001|CraftingPlan_Smith_12_Legendary_Set_Asheara_X1
2017.03.13 05:24:11.306		OK	359583	ItemPassive_Unique_Ring_735_x1	0	834928265|834964202			
2017.03.13 05:24:11.309		OK	434980	P2_ItemPassive_Unique_Ring_057	0	3422491597|2680277445			
2017.03.13 05:24:11.324		OK	359556	ItemPassive_Unique_Ring_711_x1	0			1528526556	Unique_Amulet_016_x1
2017.03.13 05:24:11.329		OK	447541	P4_ItemPassive_Unique_Ring_057	0	3694607411|441889219		1510927108	P4_Unique_Ring_057
2017.03.13 05:24:11.344		OK	447553	P4_ItemPassive_Unique_Ring_058	0			1510927109	P4_Unique_Ring_058
2017.03.13 05:24:11.347		OK	359582	ItemPassive_Unique_Ring_734_x1	0	2448134073			
2017.03.13 05:24:11.363		OK	445798	P4_ItemPassive_Unique_Ring_014	0			1510926973	P4_Unique_Ring_014
2017.03.13 05:24:11.369		NOK	359560	ItemPassive_Unique_Ring_715_x1	0				

