Date		Status	Sno	Code	NormalTextureId	Icons	ItemsSnos	ItemsCodes	
2017.03.12 22:08:15.532		OK	383014	ItemPassive_Unique_Gem_001_x1	0	3094908550		3248511367	Unique_Gem_001_x1
2017.03.12 22:08:15.576		OK	451157	ItemPassive_Unique_Gem_001U_x1	0			3248511367	Unique_Gem_001_x1
2017.03.12 22:08:15.620		OK	428348	ItemPassive_Unique_Gem_018_x1	0	4282390		3249948847	Unique_Gem_018_x1
2017.03.12 22:08:15.624		OK	428349	ItemPassive_Unique_Gem_018U_x1	0			3249948847	Unique_Gem_018_x1
2017.03.12 22:08:15.636		OK	403456	ItemPassive_Unique_Gem_002_x1	0			3248547304	Unique_Gem_002_x1
2017.03.12 22:08:15.639		OK	403457	ItemPassive_Unique_Gem_002U_x1	0			3248547304	Unique_Gem_002_x1
2017.03.12 22:08:15.652		OK	403470	ItemPassive_Unique_Gem_014_x1	0			3249805099	Unique_Gem_014_x1
2017.03.12 22:08:15.655		OK	403784	ItemPassive_Unique_Gem_014U_x1	0			3249805099	Unique_Gem_014_x1
2017.03.12 22:08:15.668		OK	428352	ItemPassive_Unique_Gem_020_x1	0	3094908587		3250847272	Unique_Gem_020_x1
2017.03.12 22:08:15.673		OK	428353	ItemPassive_Unique_Gem_020U_x1	0			3250847272	Unique_Gem_020_x1
2017.03.12 22:08:15.690		OK	403466	ItemPassive_Unique_Gem_010_x1	0			3249661351	Unique_Gem_010_x1
2017.03.12 22:08:15.694		OK	403472	ItemPassive_Unique_Gem_010U_x1	0			3249661351	Unique_Gem_010_x1
2017.03.12 22:08:15.706		OK	428029	ItemPassive_Unique_Gem_016_x1	0	3094908587		3249876973	Unique_Gem_016_x1
2017.03.12 22:08:15.709		OK	428030	ItemPassive_Unique_Gem_016U_x1	0	4282390		3249876973	Unique_Gem_016_x1
2017.03.12 22:08:15.720		OK	403459	ItemPassive_Unique_Gem_003_x1	0			3248583241	Unique_Gem_003_x1
2017.03.12 22:08:15.724		OK	428691	ItemPassive_Unique_Gem_003U_x1	0			3248583241	Unique_Gem_003_x1
2017.03.12 22:08:15.737		OK	403461	ItemPassive_Unique_Gem_005_x1	0	3094908554		3248655115	Unique_Gem_005_x1
2017.03.12 22:08:15.740		OK	403556	ItemPassive_Unique_Gem_005U_x1	0			3248655115	Unique_Gem_005_x1
2017.03.12 22:08:15.753		OK	403464	ItemPassive_Unique_Gem_008_x1	0	3094908557		3248762926	Unique_Gem_008_x1
2017.03.12 22:08:15.757		OK	403524	ItemPassive_Unique_Gem_008U_x1	0			3248762926	Unique_Gem_008_x1
2017.03.12 22:08:15.770		OK	428354	ItemPassive_Unique_Gem_021_x1	0	3094908587		3250883209	Unique_Gem_021_x1
2017.03.12 22:08:15.774		OK	428356	ItemPassive_Unique_Gem_021U_x1	0			3250883209	Unique_Gem_021_x1
2017.03.12 22:08:15.786		OK	403465	ItemPassive_Unique_Gem_009_x1	0	1394610510		3248798863	Unique_Gem_009_x1
2017.03.12 22:08:15.790		OK	403624	ItemPassive_Unique_Gem_009U_x1	0			3248798863	Unique_Gem_009_x1
2017.03.12 22:08:15.801		OK	403463	ItemPassive_Unique_Gem_007_x1	0			3248726989	Unique_Gem_007_x1
2017.03.12 22:08:15.808		OK	403620	ItemPassive_Unique_Gem_007U_x1	0			3248726989	Unique_Gem_007_x1
2017.03.12 22:08:15.818		OK	428031	ItemPassive_Unique_Gem_017_x1	0	3094908587		3249912910	Unique_Gem_017_x1
2017.03.12 22:08:15.824		OK	428032	ItemPassive_Unique_Gem_017U_x1	0			3249912910	Unique_Gem_017_x1
2017.03.12 22:08:15.836		OK	403467	ItemPassive_Unique_Gem_011_x1	0			3249697288	Unique_Gem_011_x1
2017.03.12 22:08:15.840		OK	403687	ItemPassive_Unique_Gem_011U_x1	0			3249697288	Unique_Gem_011_x1
2017.03.12 22:08:15.852		OK	428350	ItemPassive_Unique_Gem_019_x1	0			3249984784	Unique_Gem_019_x1
2017.03.12 22:08:15.856		OK	428351	ItemPassive_Unique_Gem_019U_x1	0			3249984784	Unique_Gem_019_x1
2017.03.12 22:08:15.868		OK	403462	ItemPassive_Unique_Gem_006_x1	0			3248691052	Unique_Gem_006_x1
2017.03.12 22:08:15.872		OK	403600	ItemPassive_Unique_Gem_006U_x1	0			3248691052	Unique_Gem_006_x1
2017.03.12 22:08:15.886		OK	454736	ItemPassive_Unique_Gem_022_x1	0			3250919146	Unique_Gem_022_x1
2017.03.12 22:08:15.890		OK	454737	ItemPassive_Unique_Gem_022U_x1	0	3254056115		3250919146	Unique_Gem_022_x1
2017.03.12 22:08:15.901		OK	403469	ItemPassive_Unique_Gem_013_x1	0			3249769162	Unique_Gem_013_x1
2017.03.12 22:08:15.906		OK	403473	ItemPassive_Unique_Gem_013U_x1	0			3249769162	Unique_Gem_013_x1
2017.03.12 22:08:15.918		OK	403471	ItemPassive_Unique_Gem_015_x1	0	3094908587		3249841036	Unique_Gem_015_x1
2017.03.12 22:08:15.922		OK	403785	ItemPassive_Unique_Gem_015U_x1	0			3249841036	Unique_Gem_015_x1
2017.03.12 22:08:15.933		OK	403460	ItemPassive_Unique_Gem_004_x1	0	4282390		3248619178	Unique_Gem_004_x1
2017.03.12 22:08:15.937		OK	403560	ItemPassive_Unique_Gem_004U_x1	0			3248619178	Unique_Gem_004_x1
2017.03.12 22:08:15.948		OK	403468	ItemPassive_Unique_Gem_012_x1	0			3249733225	Unique_Gem_012_x1
2017.03.12 22:08:15.952		OK	397788	ItemPassive_Unique_Ring_759_x1	0			2879819803	P1_Wand_norm_unique_01
2017.03.12 22:08:15.965		OK	318868	ItemPassive_Unique_Ring_672_x1	0			3124204483	Unique_Staff_101_x1
2017.03.12 22:08:15.967		OK	445943	P4_ItemPassive_Unique_Ring_019	0			1692870602	P4_Unique_Flail_2H_001
2017.03.12 22:08:15.979		OK	446063	P4_ItemPassive_Unique_Ring_021	0			1777573174	P4_flail2H_norm_unique_01
2017.03.12 22:08:15.982		OK	446008	P4_ItemPassive_Unique_Ring_020	0			3500939867	P4_Unique_Bracer_103
2017.03.12 22:08:15.996		OK	318378	ItemPassive_Unique_Ring_516_x1	0			1566332280	Unique_Amulet_102_x1
2017.03.12 22:08:15.999		OK	318770	ItemPassive_Unique_Ring_588_x1	0			962282719	Unique_Bracer_102_x1
2017.03.12 22:08:16.010		OK	318720	ItemPassive_Unique_Ring_549_x1	0			1784443031	Unique_CeremonialDagger_001_x1
2017.03.12 22:08:16.013		OK	449064	P4_ItemPassive_Unique_Ring_075	0	3322046564		1160204002	P4_Unique_Chest_012
2017.03.12 22:08:16.025		OK	318777	ItemPassive_Unique_Ring_595_x1	0			414491869	Unique_WizardHat_101_x1
2017.03.12 22:08:16.029		OK	359598	ItemPassive_Unique_Ring_745_x1	0			417069417	P2_Unique_Ring_03
2017.03.12 22:08:16.041		OK	318892	ItemPassive_Unique_Ring_696_x1	0			1354723559	Unique_Chest_102_x1
2017.03.12 22:08:16.044		OK	441349	P3_ItemPassive_Unique_Ring_037	0			3603289955	P3_Unique_Spear_001
2017.03.12 22:08:16.055		OK	318757	ItemPassive_Unique_Ring_575_x1	0			59108159	Unique_Mace_2H_003_x1
2017.03.12 22:08:16.058		OK	449043	P4_ItemPassive_Unique_Ring_070	0			3500938779	P4_Unique_Bracer_004
2017.03.12 22:08:16.069		OK	451163	P41_ItemPassive_Unique_Ring_005	0			941141319	P41_Unique_Belt_007
2017.03.12 22:08:16.072		OK	449021	P4_ItemPassive_Unique_Ring_067	0			2201843852	P4_Unique_CombatStaff_2H_001
2017.03.12 22:08:16.083		OK	359545	ItemPassive_Unique_Ring_704_x1	0			163153041	Unique_Flail_2H_102_x1
2017.03.12 22:08:16.086		OK	364345	ItemPassive_Unique_Ring_001_x1	0	2198492913		3106022718	Unique_Ring_001_x1
2017.03.12 22:08:16.097		OK	447060	P4_ItemPassive_Unique_Ring_049	0	3995670063		826688813	P4_Unique_Ring_05
2017.03.12 22:08:16.102		OK	318434	ItemPassive_Unique_Ring_541_x1	0			3145337796	Unique_Ring_106_x1
2017.03.12 22:08:16.114		OK	397792	ItemPassive_Unique_Ring_761_x1	0			441869908	Unique_Mighty_2H_004_p1
2017.03.12 22:08:16.116		OK	318420	ItemPassive_Unique_Ring_531_x1	0	989292478		221773756	Unique_Cloak_005_x1
2017.03.12 22:08:16.132		OK	423235	P2_ItemPassive_Unique_Ring_011	0			949342869	P2_Unique_Belt_008
2017.03.12 22:08:16.134		OK	430671	P2_ItemPassive_Unique_Ring_035	0			1069972159	P2_Unique_Belt_02
2017.03.12 22:08:16.146		OK	440598	P3_ItemPassive_Unique_Ring_027	0			1274781857	P3_Unique_Belt_03
2017.03.12 22:08:16.148		OK	449222	P4_ItemPassive_Unique_Ring_077	0			3500939872	P4_Unique_Bracer_108
2017.03.12 22:08:16.161		OK	318882	ItemPassive_Unique_Ring_686_x1	0			260765401	Unique_Cloak_101_x1
2017.03.12 22:08:16.164		OK	359540	ItemPassive_Unique_Ring_703_x1	0			3265612284	Unique_Sword_2H_007_x1
2017.03.12 22:08:16.175		OK	444969	P4_ItemPassive_Unique_Ring_004	0			1677910869	P4_Unique_Mighty_2H_101
2017.03.12 22:08:16.178		OK	447375	P4_ItemPassive_Unique_Ring_056	0			1638774391	P4_Unique_Mighty_1H_005
2017.03.12 22:08:16.190		OK	430681	P2_ItemPassive_Unique_Ring_045	0			1069972162	P2_Unique_Belt_05
2017.03.12 22:08:16.193		OK	402456	ItemPassive_Unique_Ring_917_x1	0			3304603929	Unique_Sword_2H_103_x1
2017.03.12 22:08:16.205		OK	318382	ItemPassive_Unique_Ring_520_x1	0			2346057823	Unique_Polearm_101_x1
2017.03.12 22:08:16.209		OK	446162	P4_ItemPassive_Unique_Ring_025	0			3500939868	P4_Unique_Bracer_104
2017.03.12 22:08:16.220		OK	441305	P3_ItemPassive_Unique_Ring_035	0			533836827	P3_Unique_Bracer_104
2017.03.12 22:08:16.224		OK	441279	P3_ItemPassive_Unique_Ring_032	0			533836828	P3_Unique_Bracer_105
2017.03.12 22:08:16.237		OK	423231	P2_ItemPassive_Unique_Ring_008	0			3248628813	P2_Unique_Helm_001
2017.03.12 22:08:16.240		OK	402462	ItemPassive_Unique_Ring_923_x1	0			3106202140	Unique_Ring_006_p2
2017.03.12 22:08:16.253		OK	364340	ItemPassive_Unique_Ring_020_x1	0			3108358623	Unique_Ring_020_x1
2017.03.12 22:08:16.255		OK	246118	ItemPassive_Unique_Axe_2H_001	0			202615249	Unique_Axe_2H_001_104
2017.03.12 22:08:16.267		OK	318358	ItemPassive_Unique_Ring_507_x1	0	2528010994		3304567992	Unique_Sword_2H_102_x1
2017.03.12 22:08:16.270		OK	318421	ItemPassive_Unique_Ring_532_x1	0			221630008	Unique_Cloak_001_x1
2017.03.12 22:08:16.282		OK	318758	ItemPassive_Unique_Ring_576_x1	0			3493761585	Unique_VoodooMask_101_x1
2017.03.12 22:08:16.285		OK	449031	P4_ItemPassive_Unique_Ring_068	0			3500939871	P4_Unique_Bracer_107
2017.03.12 22:08:16.297		OK	318798	ItemPassive_Unique_Ring_616_x1	0			1316702213	Unique_Chest_010_x1
2017.03.12 22:08:16.300		OK	445266	P4_ItemPassive_Unique_Ring_006	0	1765480092		1479591552	P4_Unique_Belt_01
2017.03.12 22:08:16.312		OK	318784	ItemPassive_Unique_Ring_602_x1	0			4159919247	Unique_Xbow_101_x1
2017.03.12 22:08:16.316		OK	318821	ItemPassive_Unique_Ring_639_x1	0			963166765	Unique_BarbBelt_101_x1
2017.03.12 22:08:16.327		OK	318790	ItemPassive_Unique_Ring_608_x1	0			1315731914	Unique_Chest_006_x1
2017.03.12 22:08:16.330		OK	440790	P3_ItemPassive_Unique_Ring_029	0			533836830	P3_Unique_Bracer_107
2017.03.12 22:08:16.342		OK	430674	P2_ItemPassive_Unique_Ring_038	0	3405442230|1541236666|4122635698|2639019912|569405584|928374825|3513867492		417069418	P2_Unique_Ring_04
2017.03.12 22:08:16.345		OK	434008	ItemPassive_Unique_Ring_560_p2	0			1809991378	Unique_Belt_104_p2
2017.03.12 22:08:16.357		OK	402455	ItemPassive_Unique_Ring_916_x1	0			3304639866	Unique_Sword_2H_104_x1
2017.03.12 22:08:16.360		OK	318381	ItemPassive_Unique_Ring_519_x1	0			1566368217	Unique_Amulet_103_x1
2017.03.12 22:08:16.372		OK	359554	ItemPassive_Unique_Ring_709_x1	0			1069972158	P2_Unique_Belt_01
2017.03.12 22:08:16.375		OK	423239	P2_ItemPassive_Unique_Ring_015	0			414599680	Unique_WizardHat_104_x1
2017.03.12 22:08:16.386		OK	451170	P41_ItemPassive_Unique_Ring_012	0	2623743044		761073719	P41_Unique_Fist_008
2017.03.12 22:08:16.389		OK	359557	ItemPassive_Unique_Ring_712_x1	0			962462404	Unique_Bracer_107_x1
2017.03.12 22:08:16.401		OK	451313	P42_ItemPassive_Unique_Ring_697_x1	0			3739066697	P42_Unique_Flail_1H_106_x1
2017.03.12 22:08:16.404		OK	318788	ItemPassive_Unique_Ring_606_x1	0			375356476	Unique_WizardHat_001_x1
2017.03.12 22:08:16.417		OK	318808	ItemPassive_Unique_Ring_626_x1	0			1784514905	Unique_CeremonialDagger_003_x1
2017.03.12 22:08:16.420		OK	318857	ItemPassive_Unique_Ring_662_x1	0			373333110	Unique_Helm_102_x1
2017.03.12 22:08:16.433		OK	434005	ItemPassive_Unique_Shoulder_002_p2	0			2335217262	Unique_Shoulder_002_p2
2017.03.12 22:08:16.436		OK	449063	P4_ItemPassive_Unique_Ring_074	0			1351441464	Unique_Sword_1H_112_x1
2017.03.12 22:08:16.447		OK	402416	ItemPassive_Unique_Ring_908_x1	0			3520657457	Unique_Pants_006_p1
2017.03.12 22:08:16.451		OK	441294	P3_ItemPassive_Unique_Ring_034	0			2821624475	Unique_Mighty_1H_103_x1
2017.03.12 22:08:16.463		OK	318867	ItemPassive_Unique_Ring_671_x1	0			1566511965	Unique_Amulet_107_x1
2017.03.12 22:08:16.466		OK	430678	P2_ItemPassive_Unique_Ring_042	0			1861701111	P2_Unique_Bracer_110
2017.03.12 22:08:16.477		OK	430679	P2_ItemPassive_Unique_Ring_043	0			1958737381	P2_Unique_BarbBelt_001
2017.03.12 22:08:16.479		OK	446187	P4_ItemPassive_Unique_Ring_026	0	3995670060		826688810	P4_Unique_Ring_02
2017.03.12 22:08:16.490		OK	318835	ItemPassive_Unique_Ring_653_x1	0			3844285688	x1_FollowerItem_Enchantress_Legendary_01
2017.03.12 22:08:16.493		OK	402413	ItemPassive_Unique_Ring_905_x1	0			3106238076	Unique_Ring_007_p1
2017.03.12 22:08:16.504		OK	402457	ItemPassive_Unique_Ring_918_x1	0			3360145724	Unique_Dagger_104_x1
2017.03.12 22:08:16.508		OK	318431	ItemPassive_Unique_Ring_538_x1	0			674787317	Unique_SpiritStone_103_x1
2017.03.12 22:08:16.519		OK	454927	P43_ItemPassive_Unique_Ring_002	0	2047437116		3678173102	P43_Unique_Sword_2H_012_x1
2017.03.12 22:08:16.523		OK	359552	ItemPassive_Unique_Ring_707_x1	0			163188978	Unique_Flail_2H_103_x1
2017.03.12 22:08:16.536		OK	437854	P3_ItemPassive_Unique_Ring_014	0			1274781856	P3_Unique_Belt_02
2017.03.12 22:08:16.539		OK	434010	ItemPassive_Unique_Boots_007_p2	0			1940317172	Unique_Boots_007_p2
2017.03.12 22:08:16.551		OK	451164	P41_ItemPassive_Unique_Ring_006	0			1692870603	P4_Unique_Flail_2H_002
2017.03.12 22:08:16.554		OK	451168	P41_ItemPassive_Unique_Ring_010	0			761073718	P41_Unique_Fist_007
2017.03.12 22:08:16.564		OK	246562	ItemPassive_Unique_CombatStaff_2H_009	0	3772817820		1854532357	Unique_CombatStaff_2H_009_104
2017.03.12 22:08:16.566		OK	447816	P4_ItemPassive_Unique_Ring_061	0	2142895763		717504149	P4_Unique_HandXBow_02
2017.03.12 22:08:16.578		OK	450472	P4_ItemPassive_Unique_Ring_085	0			2404377427	P4_Unique_Wand_010
2017.03.12 22:08:16.581		OK	451167	P41_ItemPassive_Unique_Ring_009	0			1445202891	P41_Unique_Gloves_002
2017.03.12 22:08:16.594		OK	441681	ItemPassive_Unique_Ring_612_p3	0			935449203	P3_Unique_Sword_1H_104
2017.03.12 22:08:16.598		OK	441280	P3_ItemPassive_Unique_Ring_033	0			565941040	P3_Unique_Shoulder_102
2017.03.12 22:08:16.610		OK	436521	P3_ItemPassive_Unique_Ring_008	0			533836824	P3_Unique_Bracer_101
2017.03.12 22:08:16.613		OK	364311	ItemPassive_Unique_Axe_1H_003_x1	0			785062630	Unique_Axe_1H_003_x1
2017.03.12 22:08:16.624		OK	318376	ItemPassive_Unique_Ring_514_x1	0			1859662905	Unique_Wand_002_x1
2017.03.12 22:08:16.627		OK	451237	P42_ItemPassive_Unique_Ring_002	0	2073891187		22283902	P42_Unique_BarbBelt_EQ
2017.03.12 22:08:16.639		OK	318799	ItemPassive_Unique_Ring_617_x1	0			576400255	Unique_Gloves_011_x1
2017.03.12 22:08:16.643		OK	359546	ItemPassive_Unique_Ring_705_x1	0			163224915	Unique_Flail_2H_104_x1
2017.03.12 22:08:16.655		OK	318875	ItemPassive_Unique_Ring_679_x1	0			1771898421	Unique_Belt_010_x1
2017.03.12 22:08:16.658		OK	423242	P2_ItemPassive_Unique_Ring_018	0			1861699995	P2_Unique_Bracer_006
2017.03.12 22:08:16.670		OK	318426	ItemPassive_Unique_Ring_534_x1	0			635687861	Unique_SpiritStone_004_x1
2017.03.12 22:08:16.674		OK	318850	ItemPassive_Unique_Ring_655_x1	0			2503915699	Unique_Flail_1H_105_x1
2017.03.12 22:08:16.686		OK	318869	ItemPassive_Unique_Ring_673_x1	0			824198023	Unique_Axe_1H_103_x1
2017.03.12 22:08:16.689		OK	429648	P2_ItemPassive_Unique_Ring_024	0			425752007	p2_Unique_Ring_Wizard_001
2017.03.12 22:08:16.700		OK	451158	P41_ItemPassive_Unique_Ring_001	0			3410282938	P41_Unique_Ring_01
2017.03.12 22:08:16.703		OK	446502	P4_ItemPassive_Unique_Ring_030	0			1891331216	P4_Unique_Pants_002
2017.03.12 22:08:16.717		OK	318377	ItemPassive_Unique_Ring_515_x1	0			3844285689	x1_FollowerItem_Enchantress_Legendary_02
2017.03.12 22:08:16.720		OK	318881	ItemPassive_Unique_Ring_685_x1	0	2316152323		1810027578	Unique_Belt_105_x1
2017.03.12 22:08:16.732		OK	434966	P2_ItemPassive_Unique_Ring_054	0			1069972160	P2_Unique_Belt_03
2017.03.12 22:08:16.735		OK	318782	ItemPassive_Unique_Ring_600_x1	0	3229917282		1566296343	Unique_Amulet_101_x1
2017.03.12 22:08:16.747		OK	446615	P4_ItemPassive_Unique_Ring_036	0			1160204008	P4_Unique_Chest_018
2017.03.12 22:08:16.751		OK	454934	P43_ItemPassive_Unique_Ring_006	0			1483432879	P43_Unique_Belt_005_x1
2017.03.12 22:08:16.764		OK	449048	P4_ItemPassive_Unique_Ring_072	0			1479591557	P4_Unique_Belt_06
2017.03.12 22:08:16.767		OK	318817	ItemPassive_Unique_Ring_635_x1	0			3559613429	Unique_Pants_101_x1
2017.03.12 22:08:16.782		OK	359604	ItemPassive_Unique_Ring_748_x1	0			3844285690	x1_FollowerItem_Enchantress_Legendary_03
2017.03.12 22:08:16.785		OK	318801	ItemPassive_Unique_Ring_619_x1	0			2335181588	Unique_Shoulder_001_x1
2017.03.12 22:08:16.797		OK	440743	P3_ItemPassive_Unique_Ring_028	0			3413095571	P3_Unique_Belt_005
2017.03.12 22:08:16.801		OK	318800	ItemPassive_Unique_Ring_618_x1	0			1810099452	Unique_Belt_107_x1
2017.03.12 22:08:16.812		OK	318776	ItemPassive_Unique_Ring_594_x1	0			446436243	Unique_CombatStaff_2H_003_x1
2017.03.12 22:08:16.815		OK	402458	ItemPassive_Unique_Ring_919_x1	0	3854007006		1351477401	Unique_Sword_1H_113_x1
2017.03.12 22:08:16.827		OK	318894	ItemPassive_Unique_Ring_698_x1	0			2503987573	Unique_Flail_1H_107_x1
2017.03.12 22:08:16.830		OK	318877	ItemPassive_Unique_Ring_681_x1	0			1979345017	Unique_Boots_104_x1
2017.03.12 22:08:16.841		OK	266766	X1_Crusader_BlessedHammer	2047437116			2438898399	Unique_Mace_1H_103_x1
2017.03.12 22:08:16.845		OK	318795	ItemPassive_Unique_Ring_613_x1	0			1810063515	Unique_Belt_106_x1
2017.03.12 22:08:16.857		OK	318432	ItemPassive_Unique_Ring_539_x1	0			3236221765	Unique_Fist_101_x1
2017.03.12 22:08:16.862		OK	441278	P3_ItemPassive_Unique_Ring_031	0			533836829	P3_Unique_Bracer_106
2017.03.12 22:08:16.875		OK	436430	P3_ItemPassive_Unique_Ring_004	0			1784501906	P1_flail1H_norm_unique_01
2017.03.12 22:08:16.879		OK	318895	ItemPassive_Unique_Ring_699_x1	0			2503807888	Unique_Flail_1H_102_x1
2017.03.12 22:08:16.891		OK	445279	P4_ItemPassive_Unique_Ring_008	0			3360037913	Unique_Dagger_101_x1
2017.03.12 22:08:16.894		OK	359538	ItemPassive_Unique_Ring_701_x1	0			2503879762	Unique_Flail_1H_104_x1
2017.03.12 22:08:16.907		OK	318751	ItemPassive_Unique_Ring_569_x1	0	3671328252		674751380	Unique_SpiritStone_102_x1
2017.03.12 22:08:16.912		OK	451238	P42_ItemPassive_Unique_Ring_003	0			2629393008	P42_Crusader_FoH_Belt
2017.03.12 22:08:16.924		OK	318423	ItemPassive_Unique_Ring_533_x1	0			3180501834	Unique_HandXBow_101_x1
2017.03.12 22:08:16.927		OK	318865	ItemPassive_Unique_Ring_669_x1	0			3106094592	Unique_Ring_003_x1
2017.03.12 22:08:16.939		OK	359602	ItemPassive_Unique_Ring_747_x1	0			3409483313	Unique_Belt_Set_02_x1
2017.03.12 22:08:16.943		OK	359591	ItemPassive_Unique_Ring_741_x1	0			1784952569	Unique_Bracer_Set_02_x1
2017.03.12 22:08:16.956		OK	318379	ItemPassive_Unique_Ring_517_x1	0			1999595351	Unique_Bow_101_x1
2017.03.12 22:08:16.960		OK	447368	P4_ItemPassive_Unique_Ring_054	0			1401814465	P4_Unique_Fist_102
2017.03.12 22:08:16.974		OK	447130	P4_ItemPassive_Unique_Ring_050	0			1479591556	P4_Unique_Belt_05
2017.03.12 22:08:16.978		OK	445692	P4_ItemPassive_Unique_Ring_011	0			3500939866	P4_Unique_Bracer_102
2017.03.12 22:08:16.990		OK	359593	ItemPassive_Unique_Ring_742_x1	0			924174856	Unique_BarbBelt_005_p1
2017.03.12 22:08:16.994		OK	447030	P4_ItemPassive_Unique_Ring_047	0			1076762841	P4_Unique_CeremonialDagger_008
2017.03.12 22:08:17.007		OK	449236	P4_ItemPassive_Unique_Ring_078	0			1925746096	P4_Unique_Shoulder_101
2017.03.12 22:08:17.011		OK	397784	ItemPassive_Unique_Ring_755_x1	0			1999667225	Unique_Bow_103_x1
2017.03.12 22:08:17.023		OK	447696	P4_ItemPassive_Unique_Ring_060	0			717504148	P4_Unique_HandXBow_01
2017.03.12 22:08:17.027		OK	402451	ItemPassive_Unique_Ring_915_x1	0			4061835217	P1_fistWeapon_norm_unique_01
2017.03.12 22:08:17.038		OK	445274	P4_ItemPassive_Unique_Ring_007	0	1221625994		3360073850	Unique_Dagger_102_x1
2017.03.12 22:08:17.041		OK	318810	ItemPassive_Unique_Ring_628_x1	0			1940389309	Unique_Boots_009_x1
2017.03.12 22:08:17.052		OK	318744	ItemPassive_Unique_Ring_562_x1	0			480897754	Unique_Mighty_2H_101_x1
2017.03.12 22:08:17.055		OK	402540	p1_ItemPassive_Unique_Ring_941	0			1935108657	P1_Unique_SpiritStone_008
2017.03.12 22:08:17.067		OK	451166	P41_ItemPassive_Unique_Ring_008	0			1445202926	P41_Unique_Gloves_014
2017.03.12 22:08:17.070		OK	246780	itemPassive_Unique_Staff_006	0			3028884467	Unique_Staff_006_104
2017.03.12 22:08:17.083		OK	454930	P43_ItemPassive_Unique_Ring_004	3881606583			2820935254	P43_Unique_Ring_021_x1
2017.03.12 22:08:17.086		OK	446640	P4_ItemPassive_Unique_Ring_039	0			1925746098	P4_Unique_Shoulder_103
2017.03.12 22:08:17.097		OK	318719	ItemPassive_Unique_Ring_548_x1	0			1528490619	Unique_Amulet_015_x1
2017.03.12 22:08:17.100		OK	318411	ItemPassive_Unique_Ring_526_x1	0			3493797522	Unique_VoodooMask_102_x1
2017.03.12 22:08:17.112		OK	364343	itemPassive_Unique_Amulet_003_x1	0			1527232824	Unique_Amulet_003_x1
2017.03.12 22:08:17.115		OK	447029	P4_ItemPassive_Unique_Ring_046	0			2326354433	P4_Unique_Axe_1H_102
2017.03.12 22:08:17.128		OK	318820	ItemPassive_Unique_Ring_638_x1	0			962426467	Unique_Bracer_106_x1
2017.03.12 22:08:17.131		OK	451186	P41_ItemPassive_Unique_Ring_021	0			1089095217	P41_Unique_Boots_01
2017.03.12 22:08:17.143		OK	447372	P4_ItemPassive_Unique_Ring_055	0			1638775479	P4_Unique_Mighty_1H_104
2017.03.12 22:08:17.146		OK	402461	ItemPassive_Unique_Ring_922_x1	0			3107424000	Unique_Ring_017_p4
2017.03.12 22:08:17.158		OK	364325	itemPassive_Unique_Mace_1H_002_x1	0			2399727069	Unique_Mace_1H_002_x1
2017.03.12 22:08:17.161		OK	428220	P2_ItemPassive_Unique_Ring_023	0			1999631288	Unique_Bow_102_x1
2017.03.12 22:08:17.173		OK	430682	P2_ItemPassive_Unique_Ring_046	0			1069972161	P2_Unique_Belt_04
2017.03.12 22:08:17.177		OK	423229	P2_ItemPassive_Unique_Ring_006	0			1069972163	P2_Unique_Belt_06
2017.03.12 22:08:17.189		OK	447295	P4_ItemPassive_Unique_Ring_053	0			3500939869	P4_Unique_Bracer_105
2017.03.12 22:08:17.192		OK	434009	itemPassive_Unique_Pants_007_p2	0	415710583		3520693395	Unique_Pants_007_p2
2017.03.12 22:08:17.203		OK	318419	ItemPassive_Unique_Ring_530_x1	0			924067309	Unique_BarbBelt_002_x1
2017.03.12 22:08:17.206		OK	318871	ItemPassive_Unique_Ring_675_x1	0			923147326	Unique_Bracer_002_x1
2017.03.12 22:08:17.218		OK	318375	ItemPassive_Unique_Ring_513_x1	0			3106130529	Unique_Ring_004_x1
2017.03.12 22:08:17.221		OK	318796	ItemPassive_Unique_Ring_614_x1	0			3454769940	Unique_VoodooMask_005_x1
2017.03.12 22:08:17.234		OK	454929	P43_ItemPassive_Unique_Ring_003	0			2909698940	P43_Unique_Fist_003_x1
2017.03.12 22:08:17.237		OK	318410	ItemPassive_Unique_Ring_525_x1	0			1566547902	Unique_Amulet_108_x1
2017.03.12 22:08:17.249		OK	423240	P2_ItemPassive_Unique_Ring_016	0			962498341	Unique_Bracer_108_x1
2017.03.12 22:08:17.252		OK	318241	ItemPassive_Unique_Ring_500_x1	0			1809883830	Unique_Belt_101_x1
2017.03.12 22:08:17.264		OK	318870	ItemPassive_Unique_Ring_674_x1	0			3145265922	Unique_Ring_104_x1
2017.03.12 22:08:17.268		OK	318377	ItemPassive_Unique_Ring_515_x1	0			3844285689	x1_FollowerItem_Enchantress_Legendary_02
2017.03.12 22:08:17.279		OK	397802	ItemPassive_Unique_Ring_762_x1	0			2821588538	Unique_Mighty_1H_102_x1
2017.03.12 22:08:17.283		OK	318812	ItemPassive_Unique_Ring_630_x1	0			1823614361	Unique_CeremonialDagger_102_x1
2017.03.12 22:08:17.297		OK	318377	ItemPassive_Unique_Ring_515_x1	0			3844285689	x1_FollowerItem_Enchantress_Legendary_02
2017.03.12 22:08:17.301		OK	318864	ItemPassive_Unique_Ring_668_x1	0			1350507102	Unique_Sword_1H_109_x1
2017.03.12 22:08:17.314		OK	445694	P4_ItemPassive_Unique_Ring_012	0			826688809	P4_Unique_Ring_01
2017.03.12 22:08:17.317		OK	447043	P4_ItemPassive_Unique_Ring_048	0			1249976208	P4_Unique_Boots_001
2017.03.12 22:08:17.330		OK	318861	ItemPassive_Unique_Ring_665_x1	0			3145229985	Unique_Ring_103_x1
2017.03.12 22:08:17.333		OK	440434	P3_ItemPassive_Unique_Ring_023	0			1274781855	P3_Unique_Belt_01
2017.03.12 22:08:17.345		OK	410217	p1_ItemPassive_Unique_Ring_944	0			916911834	P1_CeremonialDagger_norm_unique_01
2017.03.12 22:08:17.348		OK	454918	P43_ItemPassive_Unique_Ring_001	0	2462707378		1483289131	P43_Unique_Belt_001_x1
2017.03.12 22:08:17.360		OK	434038	ItemPassive_Unique_Ring_753_p2	0			1809919504	Unique_Belt_102_p2
2017.03.12 22:08:17.364		OK	451240	P42_ItemPassive_Unique_Ring_005	0			3780732316	P42_Unique_Fist_013_x1
2017.03.12 22:08:17.375		OK	364321	ItemPassive_Unique_Sword_2H_004_x1	0			3265504473	Unique_Sword_2H_004_x1
2017.03.12 22:08:17.378		OK	442477	P3_ItemPassive_Unique_Ring_040	0	1974566355		2135114822	Unique_Spear_004_p3
2017.03.12 22:08:17.390		OK	434039	ItemPassive_Unique_Ring_651_p2	0			1810135126	Unique_Belt_108_p2
2017.03.12 22:08:17.394		OK	318371	ItemPassive_Unique_Ring_510_x1	0			1898798298	Unique_Wand_102_x1
2017.03.12 22:08:17.406		OK	359587	ItemPassive_Unique_Ring_739_x1	0			229283378	Unique_Sword_1H_Promo_02_x1
2017.03.12 22:08:17.411		OK	318779	ItemPassive_Unique_Ring_597_x1	0			1354687622	Unique_Chest_101_x1
2017.03.12 22:08:17.424		OK	318835	ItemPassive_Unique_Ring_653_x1	0			3844285688	x1_FollowerItem_Enchantress_Legendary_01
2017.03.12 22:08:17.428		OK	444929	P4_ItemPassive_Unique_Ring_003	0			3500939865	P4_Unique_Bracer_101
2017.03.12 22:08:17.440		OK	451160	P41_ItemPassive_Unique_Ring_002	0			3410282939	P41_Unique_Ring_02
2017.03.12 22:08:17.443		OK	318773	ItemPassive_Unique_Ring_591_x1	0			334269591	Unique_Helm_004_x1
2017.03.12 22:08:17.455		OK	433993	ItemPassive_Unique_Axe_1H_005_p2	0			785134241	Unique_Axe_1H_005_p2
2017.03.12 22:08:17.458		OK	359550	ItemPassive_Unique_Ring_706_x1	0			60186269	Unique_Mace_2H_010_x1
2017.03.12 22:08:17.471		OK	359604	ItemPassive_Unique_Ring_748_x1	0			3844285690	x1_FollowerItem_Enchantress_Legendary_03
2017.03.12 22:08:17.474		OK	91549	Wizard_Disintegrate	1714727035	1714727035		1860884763	Unique_Wand_013_x1
2017.03.12 22:08:17.486		OK	318835	ItemPassive_Unique_Ring_653_x1	0			3844285688	x1_FollowerItem_Enchantress_Legendary_01
2017.03.12 22:08:17.490		OK	318873	ItemPassive_Unique_Ring_677_x1	0			2438862462	Unique_Mace_1H_102_x1
2017.03.12 22:08:17.501		OK	318858	ItemPassive_Unique_Ring_663_x1	0			2374352918	Unique_Shoulder_102_x1
2017.03.12 22:08:17.504		OK	430289	P2_ItemPassive_Unique_Ring_034	0	880678497		1861701087	P2_Unique_Bracer_109
2017.03.12 22:08:17.516		OK	446734	P4_ItemPassive_Unique_Ring_042	0			1288371997	P4_Unique_Staff_001
2017.03.12 22:08:17.520		OK	318412	ItemPassive_Unique_Ring_527_x1	0			3304532055	Unique_Sword_2H_101_x1
2017.03.12 22:08:17.532		OK	446592	P4_ItemPassive_Unique_Ring_035	0			1665606857	P4_Unique_Polearm_01
2017.03.12 22:08:17.536		OK	434007	ItemPassive_Unique_Ring_664_p2	0			614349464	Unique_Gloves_101_p2
2017.03.12 22:08:17.549		OK	451242	P42_ItemPassive_Unique_Ring_007	0			2442086991	P42_Unique_Wand_003_x1
2017.03.12 22:08:17.554		OK	318724	ItemPassive_Unique_Ring_552_x1	0			1823578424	Unique_CeremonialDagger_101_x1
2017.03.12 22:08:17.567		OK	364338	itemPassive_Unique_WizardHat_004_x1	0			375464287	Unique_WizardHat_004_x1
2017.03.12 22:08:17.570		OK	446541	P4_ItemPassive_Unique_Ring_032	0			1479591554	P4_Unique_Belt_03
2017.03.12 22:08:17.581		OK	318772	ItemPassive_Unique_Ring_590_x1	0	1525113398		923327011	Unique_Bracer_007_x1
2017.03.12 22:08:17.585		OK	442478	P3_ItemPassive_Unique_Ring_041	0			3124312294	Unique_Staff_104_x1
2017.03.12 22:08:17.596		OK	451161	P41_ItemPassive_Unique_Ring_003	0			2221758816	P41_Unique_Pants_001
2017.03.12 22:08:17.599		OK	359537	ItemPassive_Unique_Ring_700_x1	0			2503843825	Unique_Flail_1H_103_x1
2017.03.12 22:08:17.610		OK	446641	P4_ItemPassive_Unique_Ring_040	0	303982585		2412262560	P4_Unique_Sword_1H_01
2017.03.12 22:08:17.613		OK	318715	ItemPassive_Unique_Ring_544_x1	0			1528382808	Unique_Amulet_012_x1
2017.03.12 22:08:17.625		OK	318731	ItemPassive_Unique_Ring_554_x1	0			575286208	Unique_Gloves_003_x1
2017.03.12 22:08:17.629		OK	454932	P43_ItemPassive_Unique_Ring_005	0			3810402768	P43_Unique_Dagger_003_x1
2017.03.12 22:08:17.642		OK	246113	ItemPassive_Unique_Axe_1H_007	0			785206378	Unique_Axe_1H_007_x1
2017.03.12 22:08:17.644		OK	248484	ItemPassive_Unique_Axe_1H_006	0	2993679893		140743477	Unique_Axe_1H_006_104
2017.03.12 22:08:17.655		OK	318300	ItemPassive_Unique_Ring_501_x1	0			221665945	Unique_Cloak_002_x1
2017.03.12 22:08:17.658		OK	409811	p1_ItemPassive_Unique_Ring_943	0			2151594317	P1_Unique_Boots_010
2017.03.12 22:08:17.670		OK	402447	ItemPassive_Unique_Ring_911_x1	0			916911835	P1_CeremonialDagger_norm_unique_02
2017.03.12 22:08:17.674		OK	451243	P42_ItemPassive_Unique_Ring_008	0			760767651	P42_handXbow_norm_unique_03
2017.03.12 22:08:17.686		OK	318759	ItemPassive_Unique_Ring_577_x1	0			1566404154	Unique_Amulet_104_x1
2017.03.12 22:08:17.689		OK	318433	ItemPassive_Unique_Ring_540_x1	0			3197373868	Unique_Fist_009_x1
2017.03.12 22:08:17.700		OK	451162	P41_ItemPassive_Unique_Ring_004	0			1484349569	P41_Unique_CombatStaff_2H_005
2017.03.12 22:08:17.703		OK	318753	ItemPassive_Unique_Ring_571_x1	0			98243552	Unique_Mace_2H_103_x1
2017.03.12 22:08:17.715		OK	435040	P2_ItemPassive_Unique_Ring_059	0			2125089234	P2_Unique_Mighty_2H_001
2017.03.12 22:08:17.718		OK	364316	ItemPassive_Unique_CeremonialDagger_002_x1	0			1784478968	Unique_CeremonialDagger_002_x1
2017.03.12 22:08:17.730		OK	402448	ItemPassive_Unique_Ring_912_x1	0			3085356322	Unique_Staff_009_p1
2017.03.12 22:08:17.732		OK	251572	ItemPassive_Unique_VoodooMask_002	0			2334623261	Unique_VoodooMask_002_104
2017.03.12 22:08:17.745		OK	318428	ItemPassive_Unique_Ring_536_x1	0			674715443	Unique_SpiritStone_101_x1
2017.03.12 22:08:17.748		OK	318786	ItemPassive_Unique_Ring_604_x1	0			414563743	Unique_WizardHat_103_x1
2017.03.12 22:08:17.761		OK	318824	ItemPassive_Unique_Ring_642_x1	0			635615987	Unique_SpiritStone_002_x1
2017.03.12 22:08:17.764		OK	359553	ItemPassive_Unique_Ring_708_x1	0			163117104	Unique_Flail_2H_101_x1
2017.03.12 22:08:17.775		OK	247777	ItemPassive_Unique_CombatStaff_2H_007	0			1852160515	Unique_CombatStaff_2H_007_104
2017.03.12 22:08:17.780		OK	445427	P4_ItemPassive_Unique_Ring_009	0			1479591553	P4_Unique_Belt_02
2017.03.12 22:08:17.793		OK	430677	P2_ItemPassive_Unique_Ring_041	0			417069416	P2_Unique_Ring_02
2017.03.12 22:08:17.796		OK	318791	ItemPassive_Unique_Ring_609_x1	0			3124276357	Unique_Staff_103_x1
2017.03.12 22:08:17.807		OK	318732	ItemPassive_Unique_Ring_555_x1	0			1784550842	Unique_CeremonialDagger_004_x1
2017.03.12 22:08:17.811		OK	318716	ItemPassive_Unique_Ring_545_x1	0			1527340635	Unique_Amulet_006_x1
2017.03.12 22:08:17.823		OK	440336	P3_ItemPassive_Unique_Ring_022	0			2911688024	P3_Unique_WizardHat_003
2017.03.12 22:08:17.826		OK	318806	ItemPassive_Unique_Ring_624_x1	0			3145158111	Unique_Ring_101_x1
2017.03.12 22:08:17.839		OK	446638	P4_ItemPassive_Unique_Ring_037	0			3302750597	P4_Unique_Spear_002
2017.03.12 22:08:17.842		OK	247572	itemPassive_Unique_Staff_007	0			3030070388	Unique_Staff_007_104
2017.03.12 22:08:17.855		OK	446195	P4_ItemPassive_Unique_Ring_027	0			1350435228	Unique_Sword_1H_107_x1
2017.03.12 22:08:17.858		OK	423233	P2_ItemPassive_Unique_Ring_009	0			1958737386	P2_Unique_BarbBelt_006
2017.03.12 22:08:17.870		OK	318763	ItemPassive_Unique_Ring_581_x1	0			1350219606	Unique_Sword_1H_101_x1
2017.03.12 22:08:17.873		OK	318774	ItemPassive_Unique_Ring_592_x1	0	4066915085		3454626192	Unique_VoodooMask_001_x1
2017.03.12 22:08:17.885		OK	451239	P42_ItemPassive_Unique_Ring_004	0			3754105996	P42_Unique_Bracer_SpikeTrap
2017.03.12 22:08:17.888		OK	318811	ItemPassive_Unique_Ring_629_x1	0			635795672	Unique_SpiritStone_007_x1
2017.03.12 22:08:17.900		OK	445920	P4_ItemPassive_Unique_Ring_017	0			2879819804	P1_Wand_norm_unique_02
2017.03.12 22:08:17.904		OK	359604	ItemPassive_Unique_Ring_748_x1	0			3844285690	x1_FollowerItem_Enchantress_Legendary_03
2017.03.12 22:08:17.916		OK	318792	ItemPassive_Unique_Ring_610_x1	0			3124240420	Unique_Staff_102_x1
2017.03.12 22:08:17.919		OK	447839	P4_ItemPassive_Unique_Ring_062	0			3500939870	P4_Unique_Bracer_106
2017.03.12 22:08:17.931		OK	318740	ItemPassive_Unique_Ring_558_x1	0			414527806	Unique_WizardHat_102_x1
2017.03.12 22:08:17.934		OK	402411	ItemPassive_Unique_Ring_903_x1	0			614385664	Unique_Gloves_102_x1
2017.03.12 22:08:17.946		OK	367008	ItemPassive_Unique_Polearm_001_x1	0			2306922430	Unique_Polearm_001_x1
2017.03.12 22:08:17.949		OK	397783	ItemPassive_Unique_Ring_754_x1	0			2335253198	Unique_Shoulder_003_p1
2017.03.12 22:08:17.960		OK	318385	ItemPassive_Unique_Ring_523_x1	0	261232985		3454877751	Unique_VoodooMask_008_x1
2017.03.12 22:08:17.964		OK	446655	P4_ItemPassive_Unique_Ring_041	0			3881168018	P4_Unique_Helm_103
2017.03.12 22:08:17.975		OK	446969	P4_ItemPassive_Unique_Ring_045	0			3656492948	P4_Unique_Dagger_002
2017.03.12 22:08:17.980		OK	318789	ItemPassive_Unique_Ring_607_x1	0			1898762361	Unique_Wand_101_x1
2017.03.12 22:08:17.993		OK	449049	P4_ItemPassive_Unique_Ring_073	0			3881168017	P4_Unique_Helm_102
2017.03.12 22:08:17.997		OK	318430	ItemPassive_Unique_Ring_537_x1	0			485535699	Unique_CombatStaff_2H_102_x1
2017.03.12 22:08:18.009		OK	318771	ItemPassive_Unique_Ring_589_x1	0			962246782	Unique_Bracer_101_x1
2017.03.12 22:08:18.012		OK	364312	ItemPassive_Unique_Dagger_010_x1	0			4229791434	Unique_Dagger_010_x1_210
2017.03.12 22:08:18.023		OK	451165	P41_ItemPassive_Unique_Ring_007	0	890686438		2785544700	P41_Unique_Xbow_102
2017.03.12 22:08:18.026		OK	441517	P3_ItemPassive_Unique_Ring_038	0	2956673594		533836826	P3_Unique_Bracer_103
2017.03.12 22:08:18.037		OK	434036	ItemPassive_Unique_Ring_670_p2	0			3145193785	Unique_Ring_102_p2
2017.03.12 22:08:18.040		OK	318718	ItemPassive_Unique_Ring_547_x1	0			1527268761	Unique_Amulet_004_x1
2017.03.12 22:08:18.052		OK	377453	X1_Barbarian_AncientSpear	938760134	1232081345			
2017.03.12 22:08:18.057		OK	353447	X1_Barbarian_Avalanche_v2	3360799724				
2017.03.12 22:08:18.070		OK	79242	Barbarian_Bash	1919007815	1919007815			
2017.03.12 22:08:18.074		OK	79076	Barbarian_BattleRage	1482646276	1482646276			
2017.03.12 22:08:18.086		OK	80049	Barbarian_CallOfTheAncients	254801712	254801712			
2017.03.12 22:08:18.089		OK	80263	Barbarian_Cleave	568487545				
2017.03.12 22:08:18.100		OK	98878	Barbarian_Earthquake	3857249268	3857249268			
2017.03.12 22:08:18.104		OK	78548	Barbarian_Frenzy	2975039367	2975039367			
2017.03.12 22:08:18.115		OK	97435	Barbarian_FuriousCharge	3148293472	3148293472			
2017.03.12 22:08:18.118		OK	79446	Barbarian_GroundStomp	3010331147	3010331147			
2017.03.12 22:08:18.130		OK	80028	Barbarian_HammerOfTheAncients	428781230				
2017.03.12 22:08:18.134		OK	79528	Barbarian_IgnorePain	2993679893	2993679893			
2017.03.12 22:08:18.146		OK	93409	Barbarian_Leap	832433827	832433827			
2017.03.12 22:08:18.149		OK	159169	Barbarian_Overpower	2462707378	2462707378			
2017.03.12 22:08:18.161		OK	70472	Barbarian_Rend	3772894290	3772894290			
2017.03.12 22:08:18.164		OK	109342	Barbarian_Revenge	580267189	580267189			
2017.03.12 22:08:18.176		OK	86989	Barbarian_SeismicSlam	3233567555	3233567555			
2017.03.12 22:08:18.179		OK	78551	Barbarian_Sprint	4121045641	4121045641			
2017.03.12 22:08:18.192		OK	79077	Barbarian_ThreateningShout	1977770901	1977770901			
2017.03.12 22:08:18.195		OK	375483	X1_Barbarian_WarCry_v2	713374049	713374049			
2017.03.12 22:08:18.207		OK	377452	X1_Barbarian_WeaponThrow	4108931463	4108931463			
2017.03.12 22:08:18.211		OK	96296	Barbarian_Whirlwind	1322687777				
2017.03.12 22:08:18.223		OK	79607	Barbarian_WrathOfTheBerserker	2168744906	2168744906|2419289824			
2017.03.12 22:08:18.227		OK	205228	Barbarian_Passive_Animosity	285471987				
2017.03.12 22:08:18.239		OK	205187	Barbarian_Passive_BerserkerRage	1163801070	2212791580			
2017.03.12 22:08:18.243		OK	205217	Barbarian_Passive_Bloodthirst	1903569166				
2017.03.12 22:08:18.256		OK	204603	Barbarian_Passive_BoonOfBulKathos	3861319589				
2017.03.12 22:08:18.259		OK	205133	Barbarian_Passive_Brawler	2654889491	2952434567			
2017.03.12 22:08:18.272		OK	361661	X1_Barbarian_Passive_EarthenMight	4227302271	1063178072			
2017.03.12 22:08:18.275		OK	205546	Barbarian_Passive_InspiringPresence	1602331770				
2017.03.12 22:08:18.287		OK	205707	Barbarian_Passive_Juggernaut	3986096901				
2017.03.12 22:08:18.290		OK	217819	Barbarian_Passive_NervesOfSteel	1851298116	1851298116			
2017.03.12 22:08:18.303		OK	204725	Barbarian_Passive_NoEscape	3806796321				
2017.03.12 22:08:18.306		OK	205205	Barbarian_Passive_PoundOfFlesh	165667404	165667404			
2017.03.12 22:08:18.318		OK	296572	X1_Barbarian_Passive_Rampage	3639143356	3003001190			
2017.03.12 22:08:18.321		OK	205398	Barbarian_Passive_Relentless	3881736131	3488293561			
2017.03.12 22:08:18.334		OK	205175	Barbarian_Passive_Ruthless	2335019540				
2017.03.12 22:08:18.337		OK	205491	Barbarian_Passive_Superstition	1939325266				
2017.03.12 22:08:18.350		OK	340877	X1_Barbarian_Passive_SwordAndBoard	4291698953				
2017.03.12 22:08:18.353		OK	205848	Barbarian_Passive_ToughAsNails	2733948428				
2017.03.12 22:08:18.366		OK	205300	Barbarian_Passive_Unforgiving	3392231032				
2017.03.12 22:08:18.369		OK	206147	Barbarian_Passive_WeaponsMaster	3617945175				
2017.03.12 22:08:18.381		OK	269032	X1_Crusader_AkaratsChampion	3024819679	3024819679			
2017.03.12 22:08:18.384		OK	266766	X1_Crusader_BlessedHammer	2047437116			2438898399	Unique_Mace_1H_103_x1
2017.03.12 22:08:18.396		OK	266951	X1_Crusader_BlessedShield	3505549997	3505549997			
2017.03.12 22:08:18.399		OK	284876	X1_Crusader_Bombardment	1417711558	239649			
2017.03.12 22:08:18.411		OK	266627	X1_Crusader_Condemn	3346730045	239649			
2017.03.12 22:08:18.415		OK	273941	X1_Crusader_Consecration	663260264	239649			
2017.03.12 22:08:18.428		OK	267818	X1_Crusader_CrushingResolve	239649	239649			
2017.03.12 22:08:18.431		OK	239137	X1_Crusader_FallingSword	2440240234	2440240234|2047437116			
2017.03.12 22:08:18.443		OK	239218	X1_Crusader_FistOfTheHeavens	3114805186				
2017.03.12 22:08:18.446		OK	316014	X1_Crusader_HeavensFury3	2946852966				
2017.03.12 22:08:18.458		OK	291804	X1_Crusader_IronSkin	3165782921	3165782921|2733948428			
2017.03.12 22:08:18.462		OK	267600	X1_Crusader_Judgment	2747472303	2747472303			
2017.03.12 22:08:18.475		OK	325216	X1_Crusader_Justice	1031678231	1031678231			
2017.03.12 22:08:18.479		OK	290960	X1_Crusader_LawsOfFate	239649	239649			
2017.03.12 22:08:18.492		OK	342279	X1_Crusader_LawsOfHope2	3072384440	239649			
2017.03.12 22:08:18.496		OK	342280	X1_Crusader_LawsOfJustice2	2430907811				
2017.03.12 22:08:18.508		OK	342281	X1_Crusader_LawsOfValor2	3531549488				
2017.03.12 22:08:18.511		OK	330729	x1_Crusader_Phalanx3	1729162028				
2017.03.12 22:08:18.523		OK	290545	X1_Crusader_Provoke	3052489254	3052489254			
2017.03.12 22:08:18.527		OK	285903	X1_Crusader_Punish	2997083095	2997083095			
2017.03.12 22:08:18.539		OK	353492	X1_Crusader_ShieldBash2	1249306807	1249306807			
2017.03.12 22:08:18.543		OK	268530	X1_Crusader_ShieldGlare	1440729579				
2017.03.12 22:08:18.557		OK	289243	X1_Crusader_Slash	3666483739	3666483739			
2017.03.12 22:08:18.560		OK	286510	X1_Crusader_Smite	622736444	4282390|622736444|239649			
2017.03.12 22:08:18.573		OK	243853	X1_Crusader_SteedCharge	1510491007	1510491007			
2017.03.12 22:08:18.576		OK	239042	X1_Crusader_SweepAttack	2186888616	2186888616			
2017.03.12 22:08:18.588		OK	348773	X1_Crusader_Passive_Blunt	4041733339				
2017.03.12 22:08:18.591		OK	356176	X1_Crusader_Passive_DivineFortress	1275320813				
2017.03.12 22:08:18.605		OK	357269	X1_Crusader_Passive_NephalemMajesty	4037170909				
2017.03.12 22:08:18.610		OK	357218	X1_Crusader_Passive_Fervor	2531171338	2531171338			
2017.03.12 22:08:18.623		OK	311629	X1_Crusader_Passive_Finery	3553083011				
2017.03.12 22:08:18.626		OK	286177	X1_Crusader_Passive_HeavenlyStrength	2960727425				
2017.03.12 22:08:18.639		OK	302500	X1_Crusader_Passive_HoldYourGround	3215582651				
2017.03.12 22:08:18.643		OK	310804	X1_Crusader_Passive_HolyCause	2633328419				
2017.03.12 22:08:18.655		OK	309830	X1_Crusader_Passive_Indestructible	1099393495	1099393495			
2017.03.12 22:08:18.658		OK	310640	X1_Crusader_Passive_Insurmountable	3955299278	1924762199			
2017.03.12 22:08:18.670		OK	310783	X1_Crusader_Passive_IronMaiden	2503653692				
2017.03.12 22:08:18.675		OK	310678	X1_Crusader_Passive_LongArmOfTheLaw	510878592				
2017.03.12 22:08:18.688		OK	348741	X1_Crusader_Passive_LordCommander	3252339261				
2017.03.12 22:08:18.691		OK	356173	X1_Crusader_Passive_Renewal	3449330660	1488020096			
2017.03.12 22:08:18.703		OK	356147	X1_Crusader_Passive_Righteousness	1833271637				
2017.03.12 22:08:18.707		OK	356052	X1_Crusader_Passive_ToweringShield	2754902014	4022948488			
2017.03.12 22:08:18.718		OK	310626	X1_Crusader_Passive_Vigilant	4057131540				
2017.03.12 22:08:18.722		OK	310775	X1_Crusader_Passive_Wrathful	3031537987	1488020096			
2017.03.12 22:08:18.735		OK	77552	DemonHunter_Bolas	1573036684				
2017.03.12 22:08:18.738		OK	129216	DemonHunter_Caltrops	810901144	810901144			
2017.03.12 22:08:18.750		OK	129213	DemonHunter_Chakram	1799143751	1799143751			
2017.03.12 22:08:18.754		OK	129214	DemonHunter_ClusterArrow	324597533				
2017.03.12 22:08:18.766		OK	365311	X1_DemonHunter_Companion	439848148	439848148			
2017.03.12 22:08:18.770		OK	131325	DemonHunter_ElementalArrow	184977554				
2017.03.12 22:08:18.785		OK	361936	X1_DemonHunter_EntanglingShot	1589427902	1589427902			
2017.03.12 22:08:18.789		OK	377450	X1_DemonHunter_EvasiveFire	2594005641	2594005641			
2017.03.12 22:08:18.800		OK	77546	DemonHunter_FanOfKnives	1221625994	1221625994			
2017.03.12 22:08:18.803		OK	86610	DemonHunter_Grenades	1383355833	1383355833			
2017.03.12 22:08:18.815		OK	129215	DemonHunter_HungeringArrow	1893827298				
2017.03.12 22:08:18.819		OK	131366	DemonHunter_Impale	2594944828	2594944828|2419289824			
2017.03.12 22:08:18.834		OK	130738	DemonHunter_MarkedForDeath	746746961	746746961|172722932			
2017.03.12 22:08:18.837		OK	77649	DemonHunter_Multishot	303982585				
2017.03.12 22:08:18.850		OK	129212	DemonHunter_Preparation	3714052661	3714052661			
2017.03.12 22:08:18.853		OK	130831	DemonHunter_RainOfVengeance	3422491597	3422491597|2419289824			
2017.03.12 22:08:18.865		OK	131192	DemonHunter_RapidFire	890686438	890686438			
2017.03.12 22:08:18.868		OK	129217	DemonHunter_Sentry	3326150325	3326150325|2419289824			
2017.03.12 22:08:18.880		OK	130830	DemonHunter_ShadowPower	1595292131	1595292131			
2017.03.12 22:08:18.883		OK	130695	DemonHunter_SmokeScreen	498378287	498378287			
2017.03.12 22:08:18.896		OK	75301	DemonHunter_SpikeTrap	3714901347	3714901347			
2017.03.12 22:08:18.899		OK	134030	DemonHunter_Strafe	2184421717				
2017.03.12 22:08:18.912		OK	111215	DemonHunter_Vault	1765480092	1765480092			
2017.03.12 22:08:18.916		OK	302846	X1_DemonHunter_Vengeance	1368351649	1368351649			
2017.03.12 22:08:18.929		OK	352920	X1_DemonHunter_Passive_Ambush	608154598				
2017.03.12 22:08:18.932		OK	209734	DemonHunter_Passive_Archery	3333952724				
2017.03.12 22:08:18.945		OK	324770	X1_DemonHunter_Passive_Awareness	3727829327	3727829327			
2017.03.12 22:08:18.948		OK	155723	DemonHunter_Passive_Ballistics	2724217296				
2017.03.12 22:08:18.961		OK	210801	DemonHunter_Passive_Brooding	1860876243	810158721			
2017.03.12 22:08:18.964		OK	155721	DemonHunter_Passive_CullTheWeak	4214899055				
2017.03.12 22:08:18.978		OK	208610	DemonHunter_Passive_CustomEngineering	3309907294				
2017.03.12 22:08:18.982		OK	208779	DemonHunter_Passive_Grenadier	2447865967				
2017.03.12 22:08:18.996		OK	155725	DemonHunter_Passive_HotPursuit	929589357	2567579188			
2017.03.12 22:08:18.999		OK	439525	X1_DemonHunter_Passive_Leech	1324876423				
2017.03.12 22:08:19.012		OK	218350	DemonHunter_Passive_NightStalker	989292478				
2017.03.12 22:08:19.015		OK	218398	DemonHunter_Passive_NumbingTraps	3392294912	4022948488			
2017.03.12 22:08:19.028		OK	155722	DemonHunter_Passive_Perfectionist	1477444155				
2017.03.12 22:08:19.032		OK	155715	DemonHunter_Passive_Sharpshooter	4022948488	4022948488			
2017.03.12 22:08:19.045		OK	338859	X1_DemonHunter_Passive_SingleOut	2280375200				
2017.03.12 22:08:19.048		OK	164363	DemonHunter_Passive_SteadyAim	2176454368	2884367470			
2017.03.12 22:08:19.062		OK	218385	DemonHunter_Passive_TacticalAdvantage	852610358	852610358			
2017.03.12 22:08:19.066		OK	211225	DemonHunter_Passive_ThrillOfTheHunt	1178023747				
2017.03.12 22:08:19.078		OK	136954	Monk_BlindingFlash	1869915185	1869915185			
2017.03.12 22:08:19.081		OK	69130	Monk_BreathOfHeaven	184169342	184169342			
2017.03.12 22:08:19.094		OK	96311	Monk_CripplingWave	4253953495	4253953495			
2017.03.12 22:08:19.097		OK	223473	Monk_CycloneStrike	2383150363	2383150363			
2017.03.12 22:08:19.110		OK	312736	X1_Monk_DashingStrike	2297806700	2297806700			
2017.03.12 22:08:19.115		OK	96019	Monk_DeadlyReach	4228438802	4228438802			
2017.03.12 22:08:19.128		OK	312307	X1_Monk_Epiphany	4039032154	4039032154			
2017.03.12 22:08:19.132		OK	97328	Monk_ExplodingPalm	4217834320	4217834320			
2017.03.12 22:08:19.145		OK	95940	Monk_FistsofThunder	1599418324	1599418324			
2017.03.12 22:08:19.148		OK	317076	X1_Monk_InnerSanctuary	2508502738	2508502738			
2017.03.12 22:08:19.160		OK	111676	Monk_LashingTailKick	257300654				
2017.03.12 22:08:19.163		OK	375088	X1_Monk_MantraOfConviction_v2	4267880982	4267880982			
2017.03.12 22:08:19.176		OK	373143	X1_Monk_MantraOfHealing_v2	4051286657	4051286657			
2017.03.12 22:08:19.180		OK	375082	X1_Monk_MantraOfRetribution_v2	2510088668	2510088668			
2017.03.12 22:08:19.192		OK	375049	X1_Monk_MantraOfEvasion_v2	1620214495	1620214495			
2017.03.12 22:08:19.196		OK	362102	X1_Monk_MysticAlly_v2	4013763271				
2017.03.12 22:08:19.208		OK	96215	Monk_Serenity	4264690927	4264690927			
2017.03.12 22:08:19.212		OK	96694	Monk_SevenSidedStrike	2868080664	3247444952|2630604918			
2017.03.12 22:08:19.225		OK	96090	Monk_SweepingWind	3804611664	3804611664			
2017.03.12 22:08:19.228		OK	121442	Monk_TempestRush	2463202280	2463202280			
2017.03.12 22:08:19.240		OK	96033	Monk_WaveOfLight	3340198908				
2017.03.12 22:08:19.244		OK	97110	Monk_WayOfTheHundredFists	1764077782	1764077782			
2017.03.12 22:08:19.256		OK	209104	Monk_Passive_BeaconOfYtar	314328592				
2017.03.12 22:08:19.259		OK	156467	Monk_Passive_ChantOfResonance	1499771024	1499771024			
2017.03.12 22:08:19.272		OK	218415	Monk_Passive_CombinationStrike	3908604714	3908604714			
2017.03.12 22:08:19.276		OK	209027	Monk_Passive_ExaltedSoul	1742673788				
2017.03.12 22:08:19.288		OK	209029	Monk_Passive_FleetFooted	1932836290				
2017.03.12 22:08:19.291		OK	156492	Monk_Passive_GuidingLight	691056746	1002935253			
2017.03.12 22:08:19.304		OK	404168	p1_Monk_Passive_Harmony	2290536697				
2017.03.12 22:08:19.307		OK	341559	X1_Monk_Passive_Momentum	1068645732	792511656			
2017.03.12 22:08:19.320		OK	315271	X1_Monk_Passive_MythicRhythm	2640655164	2640655164			
2017.03.12 22:08:19.323		OK	156484	Monk_Passive_NearDeathExperience	1234942918	1234942918			
2017.03.12 22:08:19.336		OK	402633	p1_Monk_Passive_Provocation	2385770725	2952434567			
2017.03.12 22:08:19.340		OK	404245	p1_Monk_Passive_RelentlessAssault	2336331887				
2017.03.12 22:08:19.352		OK	211581	Monk_Passive_Resolve	2196494234	3494463702			
2017.03.12 22:08:19.355		OK	209628	Monk_Passive_SeizeTheInitiative	1194449484	1194449484			
2017.03.12 22:08:19.368		OK	209622	Monk_Passive_SixthSense	1287759776				
2017.03.12 22:08:19.371		OK	209812	Monk_Passive_TheGuardiansPath	1978951700				
2017.03.12 22:08:19.385		OK	209250	Monk_Passive_Transcendence	232963121				
2017.03.12 22:08:19.389		OK	368899	X1_Monk_Passive_Unity	1119381057				
2017.03.12 22:08:19.402		OK	70455	Witchdoctor_AcidCloud	2280883641	2280883641			
2017.03.12 22:08:19.405		OK	117402	Witchdoctor_BigBadVoodoo	1757376672	1757376672			
2017.03.12 22:08:19.418		OK	69866	Witchdoctor_CorpseSpider	2157718487	2157718487			
2017.03.12 22:08:19.421		OK	72785	Witchdoctor_FetishArmy	2870927885				
2017.03.12 22:08:19.434		OK	105963	Witchdoctor_Firebats	886583105	886583105			
2017.03.12 22:08:19.437		OK	67567	Witchdoctor_Firebomb	2376459543	2376459543			
2017.03.12 22:08:19.449		OK	30624	Witchdoctor_Gargantuan	3792224409	3792224409			
2017.03.12 22:08:19.452		OK	69182	Witchdoctor_GraspOfTheDead	3737512178	3737512178			
2017.03.12 22:08:19.464		OK	83602	Witchdoctor_Haunt	2198492913	2198492913			
2017.03.12 22:08:19.468		OK	30631	Witchdoctor_Hex	1439096694	1439096694			
2017.03.12 22:08:19.480		OK	67668	Witchdoctor_Horrify	3612919668	3612919668			
2017.03.12 22:08:19.483		OK	69867	Witchdoctor_Locust_Swarm	1465459957	1465459957			
2017.03.12 22:08:19.494		OK	67600	Witchdoctor_MassConfusion	3808155897	3808155897		3060269322	Unique_CeremonialDagger_008_104
2017.03.12 22:08:19.497		OK	347265	Witchdoctor_Piranhas	886161223	886161223			
2017.03.12 22:08:19.511		OK	106465	Witchdoctor_PlagueOfToads	749261375	749261375			
2017.03.12 22:08:19.514		OK	103181	Witchdoctor_PoisonDart	182799700	182799700			
2017.03.12 22:08:19.526		OK	102572	Witchdoctor_Sacrifice	3624441914	3624441914			
2017.03.12 22:08:19.530		OK	67616	Witchdoctor_SoulHarvest	2196086897	2196086897|2281503825			
2017.03.12 22:08:19.542		OK	108506	Witchdoctor_SpiritBarrage	1117784160	1117784160	3		
2017.03.12 22:08:19.546		OK	106237	Witchdoctor_SpiritWalk	3129485499	3129485499			
2017.03.12 22:08:19.559		OK	102573	Witchdoctor_SummonZombieDog	46288016				
2017.03.12 22:08:19.563		OK	134837	Witchdoctor_WallOfZombies	32183695	32183695			
2017.03.12 22:08:19.575		OK	74003	Witchdoctor_ZombieCharger	1974566355	1974566355			
2017.03.12 22:08:19.579		OK	217826	Witchdoctor_Passive_BadMedicine	4188953228	1851330729			
2017.03.12 22:08:19.591		OK	208568	Witchdoctor_Passive_BloodRitual	687686877				
2017.03.12 22:08:19.595		OK	208571	Witchdoctor_Passive_CircleOfLife	2457736647				
2017.03.12 22:08:19.607		OK	442741	X1_WitchDoctor_Passive_ConfidenceRitual	2423319440				
2017.03.12 22:08:19.612		OK	340908	Witchdoctor_Passive_CreepingDeath	2667474682				
2017.03.12 22:08:19.625		OK	218588	Witchdoctor_Passive_FetishSycophants	1895988520				
2017.03.12 22:08:19.629		OK	208639	Witchdoctor_Passive_FierceLoyalty	3265990692				
2017.03.12 22:08:19.641		OK	218191	Witchdoctor_Passive_GraveInjustice	2831706474				
2017.03.12 22:08:19.645		OK	208594	Witchdoctor_Passive_GruesomeFeast	2004785790	1591242582			
2017.03.12 22:08:19.657		OK	217968	Witchdoctor_Passive_JungleFortitude	1411119650				
2017.03.12 22:08:19.661		OK	340909	Witchdoctor_Passive_MidnightFeast	2772105166				
2017.03.12 22:08:19.674		OK	340910	Witchdoctor_Passive_PhysicalAttunement	3976783465				
2017.03.12 22:08:19.678		OK	208628	Witchdoctor_Passive_PierceTheVeil	989292478				
2017.03.12 22:08:19.691		OK	208565	Witchdoctor_Passive_RushOfEssence	1545737749	1971724004			
2017.03.12 22:08:19.695		OK	208569	Witchdoctor_Passive_SpiritualAttunement	520015337				
2017.03.12 22:08:19.707		OK	218501	Witchdoctor_Passive_SpiritVessel	1523375412	1523375412|3129485499			
2017.03.12 22:08:19.710		OK	109560	Trait_Witchdoctor_ZombieDogSpawner_Passive	2457736647				
2017.03.12 22:08:19.723		OK	208601	Witchdoctor_Passive_TribalRites	2588768459				
2017.03.12 22:08:19.726		OK	209041	Witchdoctor_Passive_VisionQuest	3575003783	3653339270			
2017.03.12 22:08:19.738		OK	208563	Witchdoctor_Passive_ZombieHandler	1366430649				
2017.03.12 22:08:19.741		OK	30668	Wizard_ArcaneOrb	2680277445	2680277445			
2017.03.12 22:08:19.755		OK	134456	Wizard_ArcaneTorrent	1779828560	1779828560			
2017.03.12 22:08:19.761		OK	134872	Wizard_Archon	3123915539	3123915539	2		
2017.03.12 22:08:19.774		OK	167355	Wizard_Archon_ArcaneBlast	2910405906				
2017.03.12 22:08:19.778		OK	135166	Wizard_Archon_ArcaneStrike	484853934				
2017.03.12 22:08:19.791		OK	135238	Wizard_Archon_DisintegrationWave	3229129129				
2017.03.12 22:08:19.796		OK	135663	Wizard_Archon_SlowTime	3167580294	3167580294			
2017.03.12 22:08:19.809		OK	167648	Wizard_Archon_Teleport	784762273				
2017.03.12 22:08:19.813		OK	243141	X1_Wizard_Wormhole	3713685789	3819853910|3713685789			
2017.03.12 22:08:19.826		OK	30680	Wizard_Blizzard	4138616090				
2017.03.12 22:08:19.830		OK	75599	Wizard_DiamondSkin	3225293865	3225293865			
2017.03.12 22:08:19.841		OK	91549	Wizard_Disintegrate	1714727035	1714727035		1860884763	Unique_Wand_013_x1
2017.03.12 22:08:19.845		OK	1765	Wizard_Electrocute	3898331671				
2017.03.12 22:08:19.857		OK	86991	Wizard_EnergyArmor	1709064835	1709064835	2|4|3|5		
2017.03.12 22:08:19.861		OK	77113	Wizard_EnergyTwister	1154209487	1154209487|1716942913			
2017.03.12 22:08:19.874		OK	87525	Wizard_ExplosiveBlast	692400941	692400941			
2017.03.12 22:08:19.877		OK	99120	Wizard_Familiar	4193597309	4193597309	1|2		
2017.03.12 22:08:19.890		OK	30718	Wizard_FrostNova	3386826874	3386826874			
2017.03.12 22:08:19.894		OK	30725	Wizard_Hydra	3239591952				
2017.03.12 22:08:19.907		OK	73223	Wizard_IceArmor	3362898666	3362898666			
2017.03.12 22:08:19.911		OK	30744	Wizard_MagicMissile	3402782127				
2017.03.12 22:08:19.924		OK	76108	Wizard_MagicWeapon	2800719875	2800719875			
2017.03.12 22:08:19.928		OK	69190	Wizard_Meteor	1985710244	1985710244			
2017.03.12 22:08:19.940		OK	98027	Wizard_MirrorImage	1585093686				
2017.03.12 22:08:19.945		OK	93395	Wizard_RayOfFrost	448906631	448906631			
2017.03.12 22:08:19.958		OK	30783	Wizard_ShockPulse	3881606583				
2017.03.12 22:08:19.962		OK	1769	Wizard_SlowTime	305262860	305262860	3		
2017.03.12 22:08:19.973		OK	71548	Wizard_SpectralBlade	1247273774	1247273774	4		
2017.03.12 22:08:19.978		OK	74499	Wizard_StormArmor	3537432142	3537432142	3		
2017.03.12 22:08:19.989		OK	168344	Wizard_Teleport	2217412135	2217412135			
2017.03.12 22:08:19.993		OK	30796	Wizard_WaveOfForce	3303174543	3303174543			
2017.03.12 22:08:20.006		OK	208823	Wizard_Passive_ArcaneDynamo	3581007607	3581007607			
2017.03.12 22:08:20.010		OK	208472	Wizard_Passive_AstralPresence	2573566218				
2017.03.12 22:08:20.022		OK	341540	X1_Wizard_Passive_Audacity	3723713922				
2017.03.12 22:08:20.025		OK	208468	Wizard_Passive_Blur	3409609379				
2017.03.12 22:08:20.038		OK	226301	Wizard_Passive_ColdBlooded	1475200540				
2017.03.12 22:08:20.041		OK	218044	Wizard_Passive_Conflagration	1028263253	4282390			
2017.03.12 22:08:20.053		OK	341344	x1_Wizard_Passive_ArcaneAegis	2864652961	2864652961			
2017.03.12 22:08:20.056		OK	342326	X1_Wizard_Passive_ElementalExposure	2137259648				
2017.03.12 22:08:20.067		OK	208473	Wizard_Passive_Evocation	4058933168				
2017.03.12 22:08:20.071		OK	208541	Wizard_Passive_GalvanizingWard	1488020096	3793502051			
2017.03.12 22:08:20.083		OK	208471	Wizard_Passive_GlassCannon	3607063845				
2017.03.12 22:08:20.086		OK	208547	Wizard_Passive_Illusionist	860941742				
2017.03.12 22:08:20.098		OK	226348	Wizard_Passive_Paralysis	3599231238				
2017.03.12 22:08:20.101		OK	208478	Wizard_Passive_PowerHungry	1017338247	1017338247			
2017.03.12 22:08:20.114		OK	208493	Wizard_Passive_Prodigy	3397625047				
2017.03.12 22:08:20.117		OK	208477	Wizard_Passive_TemporalFlux	225438545	225438545			
2017.03.12 22:08:20.128		OK	208474	Wizard_Passive_UnstableAnomaly	4077865334	4077865334			
2017.03.12 22:08:20.133		OK	434377	P2_ItemPassive_Unique_Ring_051	0			1663326820|1664512741	Unique_Mighty_1H_010_104|Unique_Mighty_1H_011_104
2017.03.12 22:08:20.148		OK	318760	ItemPassive_Unique_Ring_578_x1	0			1638662963|1841122353|172016992|2991336524|880593661|261789231|2445628295|1731128197|504980532|437674272|1810427985|3934061699|2445630739|1731130641|504982976|437676716|1810430429|3934064143|334413339|442912345|1316810024|924318868|575465893|1941323671|4110193822	Unique_Helm_008|Unique_Mighty_2H_010|Unique_Chest_013|Unique_BarbBelt_009|Unique_Gloves_008|Unique_Boots_012|Unique_Helm_008_104|Unique_Mighty_2H_010_104|Unique_Chest_013_104|Unique_BarbBelt_009_104|Unique_Gloves_008_104|Unique_Boots_012_104|Unique_Helm_008_1xx|Unique_Mighty_2H_010_1xx|Unique_Chest_013_1xx|Unique_BarbBelt_009_1xx|Unique_Gloves_008_1xx|Unique_Boots_012_1xx|Unique_Helm_008_x1|Unique_Mighty_2H_010_x1|Unique_Chest_013_x1|Unique_BarbBelt_009_x1|Unique_Gloves_008_x1|Unique_Boots_012_x1|P2_Unique_Pants_02
2017.03.12 22:08:20.152		OK	429851	P2_ItemPassive_Unique_Ring_027	0			878388895	P2_Unique_Ring_027
2017.03.12 22:08:20.165		OK	430684	P2_ItemPassive_Unique_Ring_048	0			878388962	P2_Unique_Ring_048
2017.03.12 22:08:20.168		OK	318762	ItemPassive_Unique_Ring_580_x1	0			2059579422|2302982356|827195572|2314385524|260113317|3494391925	Unique_Gloves_Set_15_x1|Unique_Helm_Set_15_x1|Unique_Pants_Set_15_x1|Unique_Shoulder_Set_15_x1|Unique_Chest_Set_15_x1|Unique_Boots_Set_15_x1
2017.03.12 22:08:20.181		OK	318418	ItemPassive_Unique_Ring_529_x1	0			2059579422|2302982356|827195572|2314385524|260113317|3494391925	Unique_Gloves_Set_15_x1|Unique_Helm_Set_15_x1|Unique_Pants_Set_15_x1|Unique_Shoulder_Set_15_x1|Unique_Chest_Set_15_x1|Unique_Boots_Set_15_x1
2017.03.12 22:08:20.185		OK	444521	P4_ItemPassive_Unique_Ring_001	0			1510926937	P4_Unique_Ring_001
2017.03.12 22:08:20.197		OK	429665	P2_ItemPassive_Unique_Ring_025	0			878388893	P2_Unique_Ring_025
2017.03.12 22:08:20.202		OK	359563	ItemPassive_Unique_Ring_718_x1	0			2301796435|2313199603|258927396|826009651|3493206004|2058393501	Unique_Helm_Set_05_x1|Unique_Shoulder_Set_05_x1|Unique_Chest_Set_05_x1|Unique_Pants_Set_05_x1|Unique_Boots_Set_05_x1|Unique_Gloves_Set_05_x1
2017.03.12 22:08:20.214		OK	429673	P2_ItemPassive_Unique_Ring_026	0	3148293472		878388894	P2_Unique_Ring_026
2017.03.12 22:08:20.218		OK	423206	P2_ItemPassive_Unique_Ring_002	0			878388824	P2_Unique_Ring_002
2017.03.12 22:08:20.230		OK	423205	P2_ItemPassive_Unique_Ring_001	0			878388823	P2_Unique_Ring_001
2017.03.12 22:08:20.234		OK	423226	P2_ItemPassive_Unique_Ring_003	0			878388825	P2_Unique_Ring_003
2017.03.12 22:08:20.247		OK	447291	P4_ItemPassive_Unique_Ring_052	0	1510491007		1510927103	P4_Unique_Ring_052
2017.03.12 22:08:20.251		OK	447290	P4_ItemPassive_Unique_Ring_051	0			1510927102	P4_Unique_Ring_051
2017.03.12 22:08:20.265		OK	359584	ItemPassive_Unique_Ring_736_x1	0			2302802671|2314205839|259933632|827015887|3494212240|2059399737|889637079	Unique_Helm_Set_10_x1|Unique_Shoulder_Set_10_x1|Unique_Chest_Set_10_x1|Unique_Pants_Set_10_x1|Unique_Boots_Set_10_x1|Unique_Gloves_Set_10_x1|P43_AkkhanSet_Amulet
2017.03.12 22:08:20.271		OK	359585	ItemPassive_Unique_Ring_737_x1	0			2302802671|2314205839|259933632|827015887|3494212240|2059399737|889637079	Unique_Helm_Set_10_x1|Unique_Shoulder_Set_10_x1|Unique_Chest_Set_10_x1|Unique_Pants_Set_10_x1|Unique_Boots_Set_10_x1|Unique_Gloves_Set_10_x1|P43_AkkhanSet_Amulet
2017.03.12 22:08:20.283		OK	445942	P4_ItemPassive_Unique_Ring_018	0			1510926977	P4_Unique_Ring_018
2017.03.12 22:08:20.287		OK	430676	P2_ItemPassive_Unique_Ring_040	0			878388954	P2_Unique_Ring_040
2017.03.12 22:08:20.299		OK	430675	P2_ItemPassive_Unique_Ring_039	0			878388930	P2_Unique_Ring_039
2017.03.12 22:08:20.304		OK	409428	ItemPassive_Unique_Ring_900_x1	0	39729065			
2017.03.12 22:08:20.318		OK	436428	P3_ItemPassive_Unique_Ring_003	0			3342141530	P3_Unique_Ring_003
2017.03.12 22:08:20.322		OK	436426	P3_ItemPassive_Unique_Ring_001	0			3342141528	P3_Unique_Ring_001
2017.03.12 22:08:20.336		OK	436427	P3_ItemPassive_Unique_Ring_002	0			3342141529	P3_Unique_Ring_002
2017.03.12 22:08:20.339		OK	445829	P4_ItemPassive_Unique_Ring_016	0	2503653692		1510926975	P4_Unique_Ring_016
2017.03.12 22:08:20.351		OK	445639	P4_ItemPassive_Unique_Ring_010	0	1083919412|1417711558		1510926969	P4_Unique_Ring_010
2017.03.12 22:08:20.355		OK	446511	P4_ItemPassive_Unique_Ring_031	0			1510927036	P4_Unique_Ring_031
2017.03.12 22:08:20.370		OK	318380	ItemPassive_Unique_Ring_518_x1	0			515789441|515789442|585800149|586986070|585802593|586988514|3141366441|3141402378	Unique_HandXBow_001|Unique_HandXBow_002|Unique_HandXBow_001_104|Unique_HandXBow_002_104|Unique_HandXBow_001_1xx|Unique_HandXBow_002_1xx|Unique_HandXBow_001_x1|Unique_HandXBow_002_x1
2017.03.12 22:08:20.374		OK	447905	P4_ItemPassive_Unique_Ring_064	0			1510927138	P4_Unique_Ring_064
2017.03.12 22:08:20.390		OK	359561	ItemPassive_Unique_Ring_716_x1	0			2301868309|2313271477|258999270|826081525|3493277878|2058465375	Unique_Helm_Set_07_x1|Unique_Shoulder_Set_07_x1|Unique_Chest_Set_07_x1|Unique_Pants_Set_07_x1|Unique_Boots_Set_07_x1|Unique_Gloves_Set_07_x1
2017.03.12 22:08:20.397		OK	359562	ItemPassive_Unique_Ring_717_x1	0			2301868309|2313271477|258999270|826081525|3493277878|2058465375	Unique_Helm_Set_07_x1|Unique_Shoulder_Set_07_x1|Unique_Chest_Set_07_x1|Unique_Pants_Set_07_x1|Unique_Boots_Set_07_x1|Unique_Gloves_Set_07_x1
2017.03.12 22:08:20.412		OK	318832	ItemPassive_Unique_Ring_650_x1	0			2301868309|2313271477|258999270|826081525|3493277878|2058465375	Unique_Helm_Set_07_x1|Unique_Shoulder_Set_07_x1|Unique_Chest_Set_07_x1|Unique_Pants_Set_07_x1|Unique_Boots_Set_07_x1|Unique_Gloves_Set_07_x1
2017.03.12 22:08:20.417		OK	402449	ItemPassive_Unique_Ring_913_x1	0			1638662964|515789443|2456731765|3563390295|261789230|2446814216|588171991|3024675273|3753559979|3932875778|2446816660|588174435|3024677717|3753562423|3932878222|334449276|3141438315|221809693|3107208639|1941287734|4110193821|4088810343	Unique_Helm_009|Unique_HandXBow_003|Unique_Cloak_006|Unique_Ring_011|Unique_Boots_011|Unique_Helm_009_104|Unique_HandXBow_003_104|Unique_Cloak_006_104|Unique_Ring_011_104|Unique_Boots_011_104|Unique_Helm_009_1xx|Unique_HandXBow_003_1xx|Unique_Cloak_006_1xx|Unique_Ring_011_1xx|Unique_Boots_011_1xx|Unique_Helm_009_x1|Unique_HandXBow_003_x1|Unique_Cloak_006_x1|Unique_Ring_011_x1|Unique_Boots_011_x1|P2_Unique_Pants_01|P2_Unique_Gloves_01
2017.03.12 22:08:20.429		OK	429885	P2_ItemPassive_Unique_Ring_031	0			878388922	P2_Unique_Ring_031
2017.03.12 22:08:20.433		OK	434964	P2_ItemPassive_Unique_Ring_053	0	3422491597|2680277445			
2017.03.12 22:08:20.717		OK	318386	ItemPassive_Unique_Ring_524_x1	0	2447103775			
2017.03.12 22:08:20.722		OK	318876	ItemPassive_Unique_Ring_680_x1	0			260077380|827159635|3494355988|2059543485|2302946419|2314349587	Unique_Chest_Set_14_x1|Unique_Pants_Set_14_x1|Unique_Boots_Set_14_x1|Unique_Gloves_Set_14_x1|Unique_Helm_Set_14_x1|Unique_Shoulder_Set_14_x1
2017.03.12 22:08:20.733		OK	444522	P4_ItemPassive_Unique_Ring_002	0			1510926938	P4_Unique_Ring_002
2017.03.12 22:08:20.736		OK	423230	P2_ItemPassive_Unique_Ring_007	0			878388829	P2_Unique_Ring_007
2017.03.12 22:08:20.747		OK	423244	P2_ItemPassive_Unique_Ring_020	0	53927899		878388888	P2_Unique_Ring_020
2017.03.12 22:08:20.750		OK	423228	P2_ItemPassive_Unique_Ring_005	0	303982585		878388827	P2_Unique_Ring_005
2017.03.12 22:08:20.762		OK	440568	P3_ItemPassive_Unique_Ring_025	0			3342141598	P3_Unique_Ring_025
2017.03.12 22:08:20.765		OK	440569	P3_ItemPassive_Unique_Ring_026	0	553933193		3342141599	P3_Unique_Ring_026
2017.03.12 22:08:20.777		OK	430685	P2_ItemPassive_Unique_Ring_049	0			878388963	P2_Unique_Ring_049
2017.03.12 22:08:20.780		OK	318435	ItemPassive_Unique_Ring_542_x1	0	1620214495|2510088668|4051286657|4267880982			
2017.03.12 22:08:20.797		OK	449252	P4_ItemPassive_Unique_Ring_080	0			1510927200	P4_Unique_Ring_080
2017.03.12 22:08:20.800		OK	427799	P2_ItemPassive_Unique_Ring_022	0			878388890	P2_Unique_Ring_022
2017.03.12 22:08:20.813		OK	427798	P2_ItemPassive_Unique_Ring_021	0			878388889	P2_Unique_Ring_021
2017.03.12 22:08:20.816		OK	430228	P2_ItemPassive_Unique_Ring_033	0	2654889491		878388924	P2_Unique_Ring_033
2017.03.12 22:08:20.827		OK	446762	P4_ItemPassive_Unique_Ring_044	0			1510927072	P4_Unique_Ring_044
2017.03.12 22:08:20.830		OK	446761	P4_ItemPassive_Unique_Ring_043	0			1510927071	P4_Unique_Ring_043
2017.03.12 22:08:20.842		OK	446562	P4_ItemPassive_Unique_Ring_033	0			1510927038	P4_Unique_Ring_033
2017.03.12 22:08:20.846		OK	439311	P3_ItemPassive_Unique_Ring_019	0			3342141569	P3_Unique_Ring_019
2017.03.12 22:08:20.859		OK	439310	P3_ItemPassive_Unique_Ring_018	0			3342141568	P3_Unique_Ring_018
2017.03.12 22:08:20.862		OK	439312	P3_ItemPassive_Unique_Ring_020	0			3342141593	P3_Unique_Ring_020
2017.03.12 22:08:20.876		OK	360491	ItemPassive_Unique_Mojo_010_x1	0			394684215|4231359227|3061455243|2664259407|3061457687|2664261851|1784730527|3334500579	Unique_CeremonialDagger_009|Unique_Mojo_010|Unique_CeremonialDagger_009_104|Unique_Mojo_010_104|Unique_CeremonialDagger_009_1xx|Unique_Mojo_010_1xx|Unique_CeremonialDagger_009_x1|Unique_Mojo_010_x1
2017.03.12 22:08:20.881		OK	440744	ItemPassive_Unique_Mojo_010_x1_tooltipDummy_1	0			394684215|4231359227|3061455243|2664259407|3061457687|2664261851|1784730527|3334500579	Unique_CeremonialDagger_009|Unique_Mojo_010|Unique_CeremonialDagger_009_104|Unique_Mojo_010_104|Unique_CeremonialDagger_009_1xx|Unique_Mojo_010_1xx|Unique_CeremonialDagger_009_x1|Unique_Mojo_010_x1
2017.03.12 22:08:20.893		OK	439309	P3_ItemPassive_Unique_Ring_017	0			3342141567	P3_Unique_Ring_017
2017.03.12 22:08:20.896		OK	437710	P3_ItemPassive_Unique_Ring_009	0			3342141536	P3_Unique_Ring_009
2017.03.12 22:08:20.908		OK	437711	P3_ItemPassive_Unique_Ring_010	0	32183695		3342141560	P3_Unique_Ring_010
2017.03.12 22:08:20.911		OK	439303	P3_ItemPassive_Unique_Ring_015	0			3342141565	P3_Unique_Ring_015
2017.03.12 22:08:20.923		OK	439308	P3_ItemPassive_Unique_Ring_016	0			3342141566	P3_Unique_Ring_016
2017.03.12 22:08:20.928		OK	439309	P3_ItemPassive_Unique_Ring_017	0			3342141567	P3_Unique_Ring_017
2017.03.12 22:08:20.942		OK	434967	P2_ItemPassive_Unique_Ring_055	0			2301940183|2313343351|259071144|826153399|3493349752|2058537249	Unique_Helm_Set_09_x1|Unique_Shoulder_Set_09_x1|Unique_Chest_Set_09_x1|Unique_Pants_Set_09_x1|Unique_Boots_Set_09_x1|Unique_Gloves_Set_09_x1
2017.03.12 22:08:20.946		OK	434969	P2_ItemPassive_Unique_Ring_056	0	3422491597|2680277445			
2017.03.12 22:08:20.963		OK	359573	ItemPassive_Unique_Ring_726_x1	0			2301940183|2313343351|259071144|826153399|3493349752|2058537249	Unique_Helm_Set_09_x1|Unique_Shoulder_Set_09_x1|Unique_Chest_Set_09_x1|Unique_Pants_Set_09_x1|Unique_Boots_Set_09_x1|Unique_Gloves_Set_09_x1
2017.03.12 22:08:20.968		OK	318778	ItemPassive_Unique_Ring_596_x1	0			270555854|172016995|4231359228|3563390296|261789232|2340552866|508538295|2665445328|3754745900|3935247620|2340555310|508540739|2665447772|3754748344|3935250064|3454841814|1316917835|3334536516|3107244576|1941359608|4088810345|4110193824	Unique_VoodooMask_007|Unique_Chest_016|Unique_Mojo_011|Unique_Ring_012|Unique_Boots_013|Unique_VoodooMask_007_104|Unique_Chest_016_104|Unique_Mojo_011_104|Unique_Ring_012_104|Unique_Boots_013_104|Unique_VoodooMask_007_1xx|Unique_Chest_016_1xx|Unique_Mojo_011_1xx|Unique_Ring_012_1xx|Unique_Boots_013_1xx|Unique_VoodooMask_007_x1|Unique_Chest_016_x1|Unique_Mojo_011_x1|Unique_Ring_012_x1|Unique_Boots_013_x1|P2_Unique_Gloves_03|P2_Unique_Pants_04
2017.03.12 22:08:20.981		OK	430680	P2_ItemPassive_Unique_Ring_044	0			878388958	P2_Unique_Ring_044
2017.03.12 22:08:20.984		OK	429857	P2_ItemPassive_Unique_Ring_030	0	923531859		878388921	P2_Unique_Ring_030
2017.03.12 22:08:20.996		OK	437844	P3_ItemPassive_Unique_Ring_013	0			3342141563	P3_Unique_Ring_013
2017.03.12 22:08:20.999		OK	440235	P3_ItemPassive_Unique_Ring_021	0	4266139187		3342141594	P3_Unique_Ring_021
2017.03.12 22:08:21.014		OK	359574	ItemPassive_Unique_Ring_727_x1	0			260041443|827123698|3494320051|2059507548|2314313650|2302910482	Unique_Chest_Set_13_x1|Unique_Pants_Set_13_x1|Unique_Boots_Set_13_x1|Unique_Gloves_Set_13_x1|Unique_Shoulder_Set_13_x1|Unique_Helm_Set_13_x1
2017.03.12 22:08:21.017		OK	437840	P3_ItemPassive_Unique_Ring_011	0			3342141561	P3_Unique_Ring_011
2017.03.12 22:08:21.029		OK	437843	P3_ItemPassive_Unique_Ring_012	0			3342141562	P3_Unique_Ring_012
2017.03.12 22:08:21.035		OK	359555	ItemPassive_Unique_Ring_710_x1	0			215441131|1638662988|172016993|3634344306|412126068|1445448511|2475276320|506166453|2605975878|3158709320|1445450955|2475278764|506168897|2605978322|3158711764|2776964819|335311764|1316845961|1770928122|1527376572|4110193823|4088810344	Unique_Orb_012|Unique_Helm_010|Unique_Chest_014|Unique_Belt_006|Unique_Amulet_007|Unique_Orb_012_104|Unique_Helm_010_104|Unique_Chest_014_104|Unique_Belt_006_104|Unique_Amulet_007_104|Unique_Orb_012_1xx|Unique_Helm_010_1xx|Unique_Chest_014_1xx|Unique_Belt_006_1xx|Unique_Amulet_007_1xx|Unique_Orb_012_x1|Unique_Helm_010_x1|Unique_Chest_014_x1|Unique_Belt_006_x1|Unique_Amulet_007_x1|P2_Unique_Pants_03|P2_Unique_Gloves_02
2017.03.12 22:08:21.047		OK	430672	P2_ItemPassive_Unique_Ring_036	0			878388927	P2_Unique_Ring_036
2017.03.12 22:08:21.049		OK	429855	P2_ItemPassive_Unique_Ring_028	0	4282390|1815699917		878388896	P2_Unique_Ring_028
2017.03.12 22:08:21.062		OK	359580	ItemPassive_Unique_Ring_732_x1	0	1218396323			
2017.03.12 22:08:21.065		OK	359581	ItemPassive_Unique_Ring_733_x1	0	3705779975|2419289824			
2017.03.12 22:08:21.078		OK	445814	P4_ItemPassive_Unique_Ring_015	0			1510926974	P4_Unique_Ring_015
2017.03.12 22:08:21.082		OK	423237	P2_ItemPassive_Unique_Ring_013	0			878388858	P2_Unique_Ring_013
2017.03.12 22:08:21.094		OK	450294	P4_ItemPassive_Unique_Ring_084	0			1510927204	P4_Unique_Ring_084
2017.03.12 22:08:21.097		OK	423234	P2_ItemPassive_Unique_Ring_010	0			878388855	P2_Unique_Ring_010
2017.03.12 22:08:21.110		OK	359558	ItemPassive_Unique_Ring_713_x1	0			238734067|880593662|903144212|261789233|4092721991|1811613906|221068264|3936433541|4092724435|1811616350|221070708|3936435985|2336583131|575501830|3520765532|1941395545|1846613104|1930988128	Unique_Shoulder_017|Unique_Gloves_009|Unique_Pants_009|Unique_Boots_014|Unique_Shoulder_017_104|Unique_Gloves_009_104|Unique_Pants_009_104|Unique_Boots_014_104|Unique_Shoulder_017_1xx|Unique_Gloves_009_1xx|Unique_Pants_009_1xx|Unique_Boots_014_1xx|Unique_Shoulder_017_x1|Unique_Gloves_009_x1|Unique_Pants_009_x1|Unique_Boots_014_x1|CraftingPlan_Smith_T07_Legendary_Set_Hell_001|CraftingPlan_Smith_12_Legendary_Set_Asheara_X1
2017.03.12 22:08:21.113		OK	359583	ItemPassive_Unique_Ring_735_x1	0	834928265|834964202			
2017.03.12 22:08:21.125		OK	434980	P2_ItemPassive_Unique_Ring_057	0	3422491597|2680277445			
2017.03.12 22:08:21.130		OK	359556	ItemPassive_Unique_Ring_711_x1	0			1528526556	Unique_Amulet_016_x1
2017.03.12 22:08:21.142		OK	447541	P4_ItemPassive_Unique_Ring_057	0	3694607411|441889219		1510927108	P4_Unique_Ring_057
2017.03.12 22:08:21.146		OK	447553	P4_ItemPassive_Unique_Ring_058	0			1510927109	P4_Unique_Ring_058
2017.03.12 22:08:21.158		OK	359582	ItemPassive_Unique_Ring_734_x1	0	2448134073			
2017.03.12 22:08:21.162		OK	445798	P4_ItemPassive_Unique_Ring_014	0			1510926973	P4_Unique_Ring_014
